//! Generated by `tools/armxlate.py` -- do not edit.
//!
//! The bytes of `LoqTTS6.so` the code in `sequens.rs` can read, at their ELF
//! vaddrs with relocations applied at load base 0.

pub static IMAGE: &[(u32, &[u8])] = &[
    (
        0x96954,
        &[
            0x80, 0xea, 0x80, 0xeb, 0x80, 0xe8, 0x80, 0xe9, 0x80, 0xee, 0x80, 0xef, 0x80, 0xec,
            0x80, 0xed, 0x80, 0xe2, 0x80, 0xe3, 0x80, 0xe0, 0x80, 0xe1, 0x80, 0xe6, 0x80, 0xe7,
            0x80, 0xe4, 0x80, 0xe5, 0x40, 0xf5, 0xc0, 0xf5, 0x40, 0xf4, 0xc0, 0xf4, 0x40, 0xf7,
            0xc0, 0xf7, 0x40, 0xf6, 0xc0, 0xf6, 0x40, 0xf1, 0xc0, 0xf1, 0x40, 0xf0, 0xc0, 0xf0,
            0x40, 0xf3, 0xc0, 0xf3, 0x40, 0xf2, 0xc0, 0xf2, 0x00, 0xaa, 0x00, 0xae, 0x00, 0xa2,
            0x00, 0xa6, 0x00, 0xba, 0x00, 0xbe, 0x00, 0xb2, 0x00, 0xb6, 0x00, 0x8a, 0x00, 0x8e,
            0x00, 0x82, 0x00, 0x86, 0x00, 0x9a, 0x00, 0x9e, 0x00, 0x92, 0x00, 0x96, 0x00, 0xd5,
            0x00, 0xd7, 0x00, 0xd1, 0x00, 0xd3, 0x00, 0xdd, 0x00, 0xdf, 0x00, 0xd9, 0x00, 0xdb,
            0x00, 0xc5, 0x00, 0xc7, 0x00, 0xc1, 0x00, 0xc3, 0x00, 0xcd, 0x00, 0xcf, 0x00, 0xc9,
            0x00, 0xcb, 0xa8, 0xfe, 0xb8, 0xfe, 0x88, 0xfe, 0x98, 0xfe, 0xe8, 0xfe, 0xf8, 0xfe,
            0xc8, 0xfe, 0xd8, 0xfe, 0x28, 0xfe, 0x38, 0xfe, 0x08, 0xfe, 0x18, 0xfe, 0x68, 0xfe,
            0x78, 0xfe, 0x48, 0xfe, 0x58, 0xfe, 0xa8, 0xff, 0xb8, 0xff, 0x88, 0xff, 0x98, 0xff,
            0xe8, 0xff, 0xf8, 0xff, 0xc8, 0xff, 0xd8, 0xff, 0x28, 0xff, 0x38, 0xff, 0x08, 0xff,
            0x18, 0xff, 0x68, 0xff, 0x78, 0xff, 0x48, 0xff, 0x58, 0xff, 0xa0, 0xfa, 0xe0, 0xfa,
            0x20, 0xfa, 0x60, 0xfa, 0xa0, 0xfb, 0xe0, 0xfb, 0x20, 0xfb, 0x60, 0xfb, 0xa0, 0xf8,
            0xe0, 0xf8, 0x20, 0xf8, 0x60, 0xf8, 0xa0, 0xf9, 0xe0, 0xf9, 0x20, 0xf9, 0x60, 0xf9,
            0x50, 0xfd, 0x70, 0xfd, 0x10, 0xfd, 0x30, 0xfd, 0xd0, 0xfd, 0xf0, 0xfd, 0x90, 0xfd,
            0xb0, 0xfd, 0x50, 0xfc, 0x70, 0xfc, 0x10, 0xfc, 0x30, 0xfc, 0xd0, 0xfc, 0xf0, 0xfc,
            0x90, 0xfc, 0xb0, 0xfc, 0x80, 0x15, 0x80, 0x14, 0x80, 0x17, 0x80, 0x16, 0x80, 0x11,
            0x80, 0x10, 0x80, 0x13, 0x80, 0x12, 0x80, 0x1d, 0x80, 0x1c, 0x80, 0x1f, 0x80, 0x1e,
            0x80, 0x19, 0x80, 0x18, 0x80, 0x1b, 0x80, 0x1a, 0xc0, 0x0a, 0x40, 0x0a, 0xc0, 0x0b,
            0x40, 0x0b, 0xc0, 0x08, 0x40, 0x08, 0xc0, 0x09, 0x40, 0x09, 0xc0, 0x0e, 0x40, 0x0e,
            0xc0, 0x0f, 0x40, 0x0f, 0xc0, 0x0c, 0x40, 0x0c, 0xc0, 0x0d, 0x40, 0x0d, 0x00, 0x56,
            0x00, 0x52, 0x00, 0x5e, 0x00, 0x5a, 0x00, 0x46, 0x00, 0x42, 0x00, 0x4e, 0x00, 0x4a,
            0x00, 0x76, 0x00, 0x72, 0x00, 0x7e, 0x00, 0x7a, 0x00, 0x66, 0x00, 0x62, 0x00, 0x6e,
            0x00, 0x6a, 0x00, 0x2b, 0x00, 0x29, 0x00, 0x2f, 0x00, 0x2d, 0x00, 0x23, 0x00, 0x21,
            0x00, 0x27, 0x00, 0x25, 0x00, 0x3b, 0x00, 0x39, 0x00, 0x3f, 0x00, 0x3d, 0x00, 0x33,
            0x00, 0x31, 0x00, 0x37, 0x00, 0x35, 0x58, 0x01, 0x48, 0x01, 0x78, 0x01, 0x68, 0x01,
            0x18, 0x01, 0x08, 0x01, 0x38, 0x01, 0x28, 0x01, 0xd8, 0x01, 0xc8, 0x01, 0xf8, 0x01,
            0xe8, 0x01, 0x98, 0x01, 0x88, 0x01, 0xb8, 0x01, 0xa8, 0x01, 0x58, 0x00, 0x48, 0x00,
            0x78, 0x00, 0x68, 0x00, 0x18, 0x00, 0x08, 0x00, 0x38, 0x00, 0x28, 0x00, 0xd8, 0x00,
            0xc8, 0x00, 0xf8, 0x00, 0xe8, 0x00, 0x98, 0x00, 0x88, 0x00, 0xb8, 0x00, 0xa8, 0x00,
            0x60, 0x05, 0x20, 0x05, 0xe0, 0x05, 0xa0, 0x05, 0x60, 0x04, 0x20, 0x04, 0xe0, 0x04,
            0xa0, 0x04, 0x60, 0x07, 0x20, 0x07, 0xe0, 0x07, 0xa0, 0x07, 0x60, 0x06, 0x20, 0x06,
            0xe0, 0x06, 0xa0, 0x06, 0xb0, 0x02, 0x90, 0x02, 0xf0, 0x02, 0xd0, 0x02, 0x30, 0x02,
            0x10, 0x02, 0x70, 0x02, 0x50, 0x02, 0xb0, 0x03, 0x90, 0x03, 0xf0, 0x03, 0xd0, 0x03,
            0x30, 0x03, 0x10, 0x03, 0x70, 0x03, 0x50, 0x03, 0xd5, 0xd5, 0xd4, 0xd4, 0xd7, 0xd7,
            0xd6, 0xd6, 0xd1, 0xd1, 0xd0, 0xd0, 0xd3, 0xd3, 0xd2, 0xd2, 0xdd, 0xdd, 0xdc, 0xdc,
            0xdf, 0xdf, 0xde, 0xde, 0xd9, 0xd9, 0xd8, 0xd8, 0xdb, 0xdb, 0xda, 0xda, 0xc5, 0xc5,
            0xc4, 0xc4, 0xc7, 0xc7, 0xc6, 0xc6, 0xc1, 0xc1, 0xc0, 0xc0, 0xc3, 0xc3, 0xc2, 0xc2,
            0xcd, 0xcd, 0xcc, 0xcc, 0xcf, 0xcf, 0xce, 0xce, 0xc9, 0xc9, 0xc8, 0xc8, 0xcb, 0xcb,
            0xca, 0xca, 0xf5, 0xf5, 0xf5, 0xf5, 0xf4, 0xf4, 0xf4, 0xf4, 0xf7, 0xf7, 0xf7, 0xf7,
            0xf6, 0xf6, 0xf6, 0xf6, 0xf1, 0xf1, 0xf1, 0xf1, 0xf0, 0xf0, 0xf0, 0xf0, 0xf3, 0xf3,
            0xf3, 0xf3, 0xf2, 0xf2, 0xf2, 0xf2, 0xfd, 0xfd, 0xfd, 0xfd, 0xfc, 0xfc, 0xfc, 0xfc,
            0xff, 0xff, 0xff, 0xff, 0xfe, 0xfe, 0xfe, 0xfe, 0xf9, 0xf9, 0xf9, 0xf9, 0xf8, 0xf8,
            0xf8, 0xf8, 0xfb, 0xfb, 0xfb, 0xfb, 0xfa, 0xfa, 0xfa, 0xfa, 0xe5, 0xe5, 0xe5, 0xe5,
            0xe5, 0xe5, 0xe5, 0xe5, 0xe4, 0xe4, 0xe4, 0xe4, 0xe4, 0xe4, 0xe4, 0xe4, 0xe7, 0xe7,
            0xe7, 0xe7, 0xe7, 0xe7, 0xe7, 0xe7, 0xe6, 0xe6, 0xe6, 0xe6, 0xe6, 0xe6, 0xe6, 0xe6,
            0xe1, 0xe1, 0xe1, 0xe1, 0xe1, 0xe1, 0xe1, 0xe1, 0xe0, 0xe0, 0xe0, 0xe0, 0xe0, 0xe0,
            0xe0, 0xe0, 0xe3, 0xe3, 0xe3, 0xe3, 0xe3, 0xe3, 0xe3, 0xe3, 0xe2, 0xe2, 0xe2, 0xe2,
            0xe2, 0xe2, 0xe2, 0xe2, 0xed, 0xed, 0xed, 0xed, 0xed, 0xed, 0xed, 0xed, 0xec, 0xec,
            0xec, 0xec, 0xec, 0xec, 0xec, 0xec, 0xef, 0xef, 0xef, 0xef, 0xef, 0xef, 0xef, 0xef,
            0xee, 0xee, 0xee, 0xee, 0xee, 0xee, 0xee, 0xee, 0xe9, 0xe9, 0xe9, 0xe9, 0xe9, 0xe9,
            0xe9, 0xe9, 0xe8, 0xe8, 0xe8, 0xe8, 0xe8, 0xe8, 0xe8, 0xe8, 0xeb, 0xeb, 0xeb, 0xeb,
            0xeb, 0xeb, 0xeb, 0xeb, 0xea, 0xea, 0xea, 0xea, 0xea, 0xea, 0xea, 0xea, 0x95, 0x95,
            0x95, 0x95, 0x95, 0x95, 0x95, 0x95, 0x95, 0x95, 0x95, 0x95, 0x95, 0x95, 0x95, 0x95,
            0x94, 0x94, 0x94, 0x94, 0x94, 0x94, 0x94, 0x94, 0x94, 0x94, 0x94, 0x94, 0x94, 0x94,
            0x94, 0x94, 0x97, 0x97, 0x97, 0x97, 0x97, 0x97, 0x97, 0x97, 0x97, 0x97, 0x97, 0x97,
            0x97, 0x97, 0x97, 0x97, 0x96, 0x96, 0x96, 0x96, 0x96, 0x96, 0x96, 0x96, 0x96, 0x96,
            0x96, 0x96, 0x96, 0x96, 0x96, 0x96, 0x91, 0x91, 0x91, 0x91, 0x91, 0x91, 0x91, 0x91,
            0x91, 0x91, 0x91, 0x91, 0x91, 0x91, 0x91, 0x91, 0x90, 0x90, 0x90, 0x90, 0x90, 0x90,
            0x90, 0x90, 0x90, 0x90, 0x90, 0x90, 0x90, 0x90, 0x90, 0x90, 0x93, 0x93, 0x93, 0x93,
            0x93, 0x93, 0x93, 0x93, 0x93, 0x93, 0x93, 0x93, 0x93, 0x93, 0x93, 0x93, 0x92, 0x92,
            0x92, 0x92, 0x92, 0x92, 0x92, 0x92, 0x92, 0x92, 0x92, 0x92, 0x92, 0x92, 0x92, 0x92,
            0x9d, 0x9d, 0x9d, 0x9d, 0x9d, 0x9d, 0x9d, 0x9d, 0x9d, 0x9d, 0x9d, 0x9d, 0x9d, 0x9d,
            0x9d, 0x9d, 0x9c, 0x9c, 0x9c, 0x9c, 0x9c, 0x9c, 0x9c, 0x9c, 0x9c, 0x9c, 0x9c, 0x9c,
            0x9c, 0x9c, 0x9c, 0x9c, 0x9f, 0x9f, 0x9f, 0x9f, 0x9f, 0x9f, 0x9f, 0x9f, 0x9f, 0x9f,
            0x9f, 0x9f, 0x9f, 0x9f, 0x9f, 0x9f, 0x9e, 0x9e, 0x9e, 0x9e, 0x9e, 0x9e, 0x9e, 0x9e,
            0x9e, 0x9e, 0x9e, 0x9e, 0x9e, 0x9e, 0x9e, 0x9e, 0x99, 0x99, 0x99, 0x99, 0x99, 0x99,
            0x99, 0x99, 0x99, 0x99, 0x99, 0x99, 0x99, 0x99, 0x99, 0x99, 0x98, 0x98, 0x98, 0x98,
            0x98, 0x98, 0x98, 0x98, 0x98, 0x98, 0x98, 0x98, 0x98, 0x98, 0x98, 0x98, 0x9b, 0x9b,
            0x9b, 0x9b, 0x9b, 0x9b, 0x9b, 0x9b, 0x9b, 0x9b, 0x9b, 0x9b, 0x9b, 0x9b, 0x9b, 0x9b,
            0x9a, 0x9a, 0x9a, 0x9a, 0x9a, 0x9a, 0x9a, 0x9a, 0x9a, 0x9a, 0x9a, 0x9a, 0x9a, 0x9a,
            0x9a, 0x9a, 0x85, 0x85, 0x85, 0x85, 0x85, 0x85, 0x85, 0x85, 0x85, 0x85, 0x85, 0x85,
            0x85, 0x85, 0x85, 0x85, 0x85, 0x85, 0x85, 0x85, 0x85, 0x85, 0x85, 0x85, 0x85, 0x85,
            0x85, 0x85, 0x85, 0x85, 0x85, 0x85, 0x84, 0x84, 0x84, 0x84, 0x84, 0x84, 0x84, 0x84,
            0x84, 0x84, 0x84, 0x84, 0x84, 0x84, 0x84, 0x84, 0x84, 0x84, 0x84, 0x84, 0x84, 0x84,
            0x84, 0x84, 0x84, 0x84, 0x84, 0x84, 0x84, 0x84, 0x84, 0x84, 0x87, 0x87, 0x87, 0x87,
            0x87, 0x87, 0x87, 0x87, 0x87, 0x87, 0x87, 0x87, 0x87, 0x87, 0x87, 0x87, 0x87, 0x87,
            0x87, 0x87, 0x87, 0x87, 0x87, 0x87, 0x87, 0x87, 0x87, 0x87, 0x87, 0x87, 0x87, 0x87,
            0x86, 0x86, 0x86, 0x86, 0x86, 0x86, 0x86, 0x86, 0x86, 0x86, 0x86, 0x86, 0x86, 0x86,
            0x86, 0x86, 0x86, 0x86, 0x86, 0x86, 0x86, 0x86, 0x86, 0x86, 0x86, 0x86, 0x86, 0x86,
            0x86, 0x86, 0x86, 0x86, 0x81, 0x81, 0x81, 0x81, 0x81, 0x81, 0x81, 0x81, 0x81, 0x81,
            0x81, 0x81, 0x81, 0x81, 0x81, 0x81, 0x81, 0x81, 0x81, 0x81, 0x81, 0x81, 0x81, 0x81,
            0x81, 0x81, 0x81, 0x81, 0x81, 0x81, 0x81, 0x81, 0x80, 0x80, 0x80, 0x80, 0x80, 0x80,
            0x80, 0x80, 0x80, 0x80, 0x80, 0x80, 0x80, 0x80, 0x80, 0x80, 0x80, 0x80, 0x80, 0x80,
            0x80, 0x80, 0x80, 0x80, 0x80, 0x80, 0x80, 0x80, 0x80, 0x80, 0x80, 0x80, 0x83, 0x83,
            0x83, 0x83, 0x83, 0x83, 0x83, 0x83, 0x83, 0x83, 0x83, 0x83, 0x83, 0x83, 0x83, 0x83,
            0x83, 0x83, 0x83, 0x83, 0x83, 0x83, 0x83, 0x83, 0x83, 0x83, 0x83, 0x83, 0x83, 0x83,
            0x83, 0x83, 0x82, 0x82, 0x82, 0x82, 0x82, 0x82, 0x82, 0x82, 0x82, 0x82, 0x82, 0x82,
            0x82, 0x82, 0x82, 0x82, 0x82, 0x82, 0x82, 0x82, 0x82, 0x82, 0x82, 0x82, 0x82, 0x82,
            0x82, 0x82, 0x82, 0x82, 0x82, 0x82, 0x8d, 0x8d, 0x8d, 0x8d, 0x8d, 0x8d, 0x8d, 0x8d,
            0x8d, 0x8d, 0x8d, 0x8d, 0x8d, 0x8d, 0x8d, 0x8d, 0x8d, 0x8d, 0x8d, 0x8d, 0x8d, 0x8d,
            0x8d, 0x8d, 0x8d, 0x8d, 0x8d, 0x8d, 0x8d, 0x8d, 0x8d, 0x8d, 0x8c, 0x8c, 0x8c, 0x8c,
            0x8c, 0x8c, 0x8c, 0x8c, 0x8c, 0x8c, 0x8c, 0x8c, 0x8c, 0x8c, 0x8c, 0x8c, 0x8c, 0x8c,
            0x8c, 0x8c, 0x8c, 0x8c, 0x8c, 0x8c, 0x8c, 0x8c, 0x8c, 0x8c, 0x8c, 0x8c, 0x8c, 0x8c,
            0x8f, 0x8f, 0x8f, 0x8f, 0x8f, 0x8f, 0x8f, 0x8f, 0x8f, 0x8f, 0x8f, 0x8f, 0x8f, 0x8f,
            0x8f, 0x8f, 0x8f, 0x8f, 0x8f, 0x8f, 0x8f, 0x8f, 0x8f, 0x8f, 0x8f, 0x8f, 0x8f, 0x8f,
            0x8f, 0x8f, 0x8f, 0x8f, 0x8e, 0x8e, 0x8e, 0x8e, 0x8e, 0x8e, 0x8e, 0x8e, 0x8e, 0x8e,
            0x8e, 0x8e, 0x8e, 0x8e, 0x8e, 0x8e, 0x8e, 0x8e, 0x8e, 0x8e, 0x8e, 0x8e, 0x8e, 0x8e,
            0x8e, 0x8e, 0x8e, 0x8e, 0x8e, 0x8e, 0x8e, 0x8e, 0x89, 0x89, 0x89, 0x89, 0x89, 0x89,
            0x89, 0x89, 0x89, 0x89, 0x89, 0x89, 0x89, 0x89, 0x89, 0x89, 0x89, 0x89, 0x89, 0x89,
            0x89, 0x89, 0x89, 0x89, 0x89, 0x89, 0x89, 0x89, 0x89, 0x89, 0x89, 0x89, 0x88, 0x88,
            0x88, 0x88, 0x88, 0x88, 0x88, 0x88, 0x88, 0x88, 0x88, 0x88, 0x88, 0x88, 0x88, 0x88,
            0x88, 0x88, 0x88, 0x88, 0x88, 0x88, 0x88, 0x88, 0x88, 0x88, 0x88, 0x88, 0x88, 0x88,
            0x88, 0x88, 0x8b, 0x8b, 0x8b, 0x8b, 0x8b, 0x8b, 0x8b, 0x8b, 0x8b, 0x8b, 0x8b, 0x8b,
            0x8b, 0x8b, 0x8b, 0x8b, 0x8b, 0x8b, 0x8b, 0x8b, 0x8b, 0x8b, 0x8b, 0x8b, 0x8b, 0x8b,
            0x8b, 0x8b, 0x8b, 0x8b, 0x8b, 0x8b, 0x8a, 0x8a, 0x8a, 0x8a, 0x8a, 0x8a, 0x8a, 0x8a,
            0x8a, 0x8a, 0x8a, 0x8a, 0x8a, 0x8a, 0x8a, 0x8a, 0x8a, 0x8a, 0x8a, 0x8a, 0x8a, 0x8a,
            0x8a, 0x8a, 0x8a, 0x8a, 0x8a, 0x8a, 0x8a, 0x8a, 0x8a, 0x8a, 0xb5, 0xb5, 0xb5, 0xb5,
            0xb5, 0xb5, 0xb5, 0xb5, 0xb5, 0xb5, 0xb5, 0xb5, 0xb5, 0xb5, 0xb5, 0xb5, 0xb5, 0xb5,
            0xb5, 0xb5, 0xb5, 0xb5, 0xb5, 0xb5, 0xb5, 0xb5, 0xb5, 0xb5, 0xb5, 0xb5, 0xb5, 0xb5,
            0xb5, 0xb5, 0xb5, 0xb5, 0xb5, 0xb5, 0xb5, 0xb5, 0xb5, 0xb5, 0xb5, 0xb5, 0xb5, 0xb5,
            0xb5, 0xb5, 0xb5, 0xb5, 0xb5, 0xb5, 0xb5, 0xb5, 0xb5, 0xb5, 0xb5, 0xb5, 0xb5, 0xb5,
            0xb5, 0xb5, 0xb5, 0xb5, 0xb4, 0xb4, 0xb4, 0xb4, 0xb4, 0xb4, 0xb4, 0xb4, 0xb4, 0xb4,
            0xb4, 0xb4, 0xb4, 0xb4, 0xb4, 0xb4, 0xb4, 0xb4, 0xb4, 0xb4, 0xb4, 0xb4, 0xb4, 0xb4,
            0xb4, 0xb4, 0xb4, 0xb4, 0xb4, 0xb4, 0xb4, 0xb4, 0xb4, 0xb4, 0xb4, 0xb4, 0xb4, 0xb4,
            0xb4, 0xb4, 0xb4, 0xb4, 0xb4, 0xb4, 0xb4, 0xb4, 0xb4, 0xb4, 0xb4, 0xb4, 0xb4, 0xb4,
            0xb4, 0xb4, 0xb4, 0xb4, 0xb4, 0xb4, 0xb4, 0xb4, 0xb4, 0xb4, 0xb4, 0xb4, 0xb7, 0xb7,
            0xb7, 0xb7, 0xb7, 0xb7, 0xb7, 0xb7, 0xb7, 0xb7, 0xb7, 0xb7, 0xb7, 0xb7, 0xb7, 0xb7,
            0xb7, 0xb7, 0xb7, 0xb7, 0xb7, 0xb7, 0xb7, 0xb7, 0xb7, 0xb7, 0xb7, 0xb7, 0xb7, 0xb7,
            0xb7, 0xb7, 0xb7, 0xb7, 0xb7, 0xb7, 0xb7, 0xb7, 0xb7, 0xb7, 0xb7, 0xb7, 0xb7, 0xb7,
            0xb7, 0xb7, 0xb7, 0xb7, 0xb7, 0xb7, 0xb7, 0xb7, 0xb7, 0xb7, 0xb7, 0xb7, 0xb7, 0xb7,
            0xb7, 0xb7, 0xb7, 0xb7, 0xb7, 0xb7, 0xb6, 0xb6, 0xb6, 0xb6, 0xb6, 0xb6, 0xb6, 0xb6,
            0xb6, 0xb6, 0xb6, 0xb6, 0xb6, 0xb6, 0xb6, 0xb6, 0xb6, 0xb6, 0xb6, 0xb6, 0xb6, 0xb6,
            0xb6, 0xb6, 0xb6, 0xb6, 0xb6, 0xb6, 0xb6, 0xb6, 0xb6, 0xb6, 0xb6, 0xb6, 0xb6, 0xb6,
            0xb6, 0xb6, 0xb6, 0xb6, 0xb6, 0xb6, 0xb6, 0xb6, 0xb6, 0xb6, 0xb6, 0xb6, 0xb6, 0xb6,
            0xb6, 0xb6, 0xb6, 0xb6, 0xb6, 0xb6, 0xb6, 0xb6, 0xb6, 0xb6, 0xb6, 0xb6, 0xb6, 0xb6,
            0xb1, 0xb1, 0xb1, 0xb1, 0xb1, 0xb1, 0xb1, 0xb1, 0xb1, 0xb1, 0xb1, 0xb1, 0xb1, 0xb1,
            0xb1, 0xb1, 0xb1, 0xb1, 0xb1, 0xb1, 0xb1, 0xb1, 0xb1, 0xb1, 0xb1, 0xb1, 0xb1, 0xb1,
            0xb1, 0xb1, 0xb1, 0xb1, 0xb1, 0xb1, 0xb1, 0xb1, 0xb1, 0xb1, 0xb1, 0xb1, 0xb1, 0xb1,
            0xb1, 0xb1, 0xb1, 0xb1, 0xb1, 0xb1, 0xb1, 0xb1, 0xb1, 0xb1, 0xb1, 0xb1, 0xb1, 0xb1,
            0xb1, 0xb1, 0xb1, 0xb1, 0xb1, 0xb1, 0xb1, 0xb1, 0xb0, 0xb0, 0xb0, 0xb0, 0xb0, 0xb0,
            0xb0, 0xb0, 0xb0, 0xb0, 0xb0, 0xb0, 0xb0, 0xb0, 0xb0, 0xb0, 0xb0, 0xb0, 0xb0, 0xb0,
            0xb0, 0xb0, 0xb0, 0xb0, 0xb0, 0xb0, 0xb0, 0xb0, 0xb0, 0xb0, 0xb0, 0xb0, 0xb0, 0xb0,
            0xb0, 0xb0, 0xb0, 0xb0, 0xb0, 0xb0, 0xb0, 0xb0, 0xb0, 0xb0, 0xb0, 0xb0, 0xb0, 0xb0,
            0xb0, 0xb0, 0xb0, 0xb0, 0xb0, 0xb0, 0xb0, 0xb0, 0xb0, 0xb0, 0xb0, 0xb0, 0xb0, 0xb0,
            0xb0, 0xb0, 0xb3, 0xb3, 0xb3, 0xb3, 0xb3, 0xb3, 0xb3, 0xb3, 0xb3, 0xb3, 0xb3, 0xb3,
            0xb3, 0xb3, 0xb3, 0xb3, 0xb3, 0xb3, 0xb3, 0xb3, 0xb3, 0xb3, 0xb3, 0xb3, 0xb3, 0xb3,
            0xb3, 0xb3, 0xb3, 0xb3, 0xb3, 0xb3, 0xb3, 0xb3, 0xb3, 0xb3, 0xb3, 0xb3, 0xb3, 0xb3,
            0xb3, 0xb3, 0xb3, 0xb3, 0xb3, 0xb3, 0xb3, 0xb3, 0xb3, 0xb3, 0xb3, 0xb3, 0xb3, 0xb3,
            0xb3, 0xb3, 0xb3, 0xb3, 0xb3, 0xb3, 0xb3, 0xb3, 0xb3, 0xb3, 0xb2, 0xb2, 0xb2, 0xb2,
            0xb2, 0xb2, 0xb2, 0xb2, 0xb2, 0xb2, 0xb2, 0xb2, 0xb2, 0xb2, 0xb2, 0xb2, 0xb2, 0xb2,
            0xb2, 0xb2, 0xb2, 0xb2, 0xb2, 0xb2, 0xb2, 0xb2, 0xb2, 0xb2, 0xb2, 0xb2, 0xb2, 0xb2,
            0xb2, 0xb2, 0xb2, 0xb2, 0xb2, 0xb2, 0xb2, 0xb2, 0xb2, 0xb2, 0xb2, 0xb2, 0xb2, 0xb2,
            0xb2, 0xb2, 0xb2, 0xb2, 0xb2, 0xb2, 0xb2, 0xb2, 0xb2, 0xb2, 0xb2, 0xb2, 0xb2, 0xb2,
            0xb2, 0xb2, 0xb2, 0xb2, 0xbd, 0xbd, 0xbd, 0xbd, 0xbd, 0xbd, 0xbd, 0xbd, 0xbd, 0xbd,
            0xbd, 0xbd, 0xbd, 0xbd, 0xbd, 0xbd, 0xbd, 0xbd, 0xbd, 0xbd, 0xbd, 0xbd, 0xbd, 0xbd,
            0xbd, 0xbd, 0xbd, 0xbd, 0xbd, 0xbd, 0xbd, 0xbd, 0xbd, 0xbd, 0xbd, 0xbd, 0xbd, 0xbd,
            0xbd, 0xbd, 0xbd, 0xbd, 0xbd, 0xbd, 0xbd, 0xbd, 0xbd, 0xbd, 0xbd, 0xbd, 0xbd, 0xbd,
            0xbd, 0xbd, 0xbd, 0xbd, 0xbd, 0xbd, 0xbd, 0xbd, 0xbd, 0xbd, 0xbd, 0xbd, 0xbc, 0xbc,
            0xbc, 0xbc, 0xbc, 0xbc, 0xbc, 0xbc, 0xbc, 0xbc, 0xbc, 0xbc, 0xbc, 0xbc, 0xbc, 0xbc,
            0xbc, 0xbc, 0xbc, 0xbc, 0xbc, 0xbc, 0xbc, 0xbc, 0xbc, 0xbc, 0xbc, 0xbc, 0xbc, 0xbc,
            0xbc, 0xbc, 0xbc, 0xbc, 0xbc, 0xbc, 0xbc, 0xbc, 0xbc, 0xbc, 0xbc, 0xbc, 0xbc, 0xbc,
            0xbc, 0xbc, 0xbc, 0xbc, 0xbc, 0xbc, 0xbc, 0xbc, 0xbc, 0xbc, 0xbc, 0xbc, 0xbc, 0xbc,
            0xbc, 0xbc, 0xbc, 0xbc, 0xbc, 0xbc, 0xbf, 0xbf, 0xbf, 0xbf, 0xbf, 0xbf, 0xbf, 0xbf,
            0xbf, 0xbf, 0xbf, 0xbf, 0xbf, 0xbf, 0xbf, 0xbf, 0xbf, 0xbf, 0xbf, 0xbf, 0xbf, 0xbf,
            0xbf, 0xbf, 0xbf, 0xbf, 0xbf, 0xbf, 0xbf, 0xbf, 0xbf, 0xbf, 0xbf, 0xbf, 0xbf, 0xbf,
            0xbf, 0xbf, 0xbf, 0xbf, 0xbf, 0xbf, 0xbf, 0xbf, 0xbf, 0xbf, 0xbf, 0xbf, 0xbf, 0xbf,
            0xbf, 0xbf, 0xbf, 0xbf, 0xbf, 0xbf, 0xbf, 0xbf, 0xbf, 0xbf, 0xbf, 0xbf, 0xbf, 0xbf,
            0xbe, 0xbe, 0xbe, 0xbe, 0xbe, 0xbe, 0xbe, 0xbe, 0xbe, 0xbe, 0xbe, 0xbe, 0xbe, 0xbe,
            0xbe, 0xbe, 0xbe, 0xbe, 0xbe, 0xbe, 0xbe, 0xbe, 0xbe, 0xbe, 0xbe, 0xbe, 0xbe, 0xbe,
            0xbe, 0xbe, 0xbe, 0xbe, 0xbe, 0xbe, 0xbe, 0xbe, 0xbe, 0xbe, 0xbe, 0xbe, 0xbe, 0xbe,
            0xbe, 0xbe, 0xbe, 0xbe, 0xbe, 0xbe, 0xbe, 0xbe, 0xbe, 0xbe, 0xbe, 0xbe, 0xbe, 0xbe,
            0xbe, 0xbe, 0xbe, 0xbe, 0xbe, 0xbe, 0xbe, 0xbe, 0xb9, 0xb9, 0xb9, 0xb9, 0xb9, 0xb9,
            0xb9, 0xb9, 0xb9, 0xb9, 0xb9, 0xb9, 0xb9, 0xb9, 0xb9, 0xb9, 0xb9, 0xb9, 0xb9, 0xb9,
            0xb9, 0xb9, 0xb9, 0xb9, 0xb9, 0xb9, 0xb9, 0xb9, 0xb9, 0xb9, 0xb9, 0xb9, 0xb9, 0xb9,
            0xb9, 0xb9, 0xb9, 0xb9, 0xb9, 0xb9, 0xb9, 0xb9, 0xb9, 0xb9, 0xb9, 0xb9, 0xb9, 0xb9,
            0xb9, 0xb9, 0xb9, 0xb9, 0xb9, 0xb9, 0xb9, 0xb9, 0xb9, 0xb9, 0xb9, 0xb9, 0xb9, 0xb9,
            0xb9, 0xb9, 0xb8, 0xb8, 0xb8, 0xb8, 0xb8, 0xb8, 0xb8, 0xb8, 0xb8, 0xb8, 0xb8, 0xb8,
            0xb8, 0xb8, 0xb8, 0xb8, 0xb8, 0xb8, 0xb8, 0xb8, 0xb8, 0xb8, 0xb8, 0xb8, 0xb8, 0xb8,
            0xb8, 0xb8, 0xb8, 0xb8, 0xb8, 0xb8, 0xb8, 0xb8, 0xb8, 0xb8, 0xb8, 0xb8, 0xb8, 0xb8,
            0xb8, 0xb8, 0xb8, 0xb8, 0xb8, 0xb8, 0xb8, 0xb8, 0xb8, 0xb8, 0xb8, 0xb8, 0xb8, 0xb8,
            0xb8, 0xb8, 0xb8, 0xb8, 0xb8, 0xb8, 0xb8, 0xb8, 0xb8, 0xb8, 0xbb, 0xbb, 0xbb, 0xbb,
            0xbb, 0xbb, 0xbb, 0xbb, 0xbb, 0xbb, 0xbb, 0xbb, 0xbb, 0xbb, 0xbb, 0xbb, 0xbb, 0xbb,
            0xbb, 0xbb, 0xbb, 0xbb, 0xbb, 0xbb, 0xbb, 0xbb, 0xbb, 0xbb, 0xbb, 0xbb, 0xbb, 0xbb,
            0xbb, 0xbb, 0xbb, 0xbb, 0xbb, 0xbb, 0xbb, 0xbb, 0xbb, 0xbb, 0xbb, 0xbb, 0xbb, 0xbb,
            0xbb, 0xbb, 0xbb, 0xbb, 0xbb, 0xbb, 0xbb, 0xbb, 0xbb, 0xbb, 0xbb, 0xbb, 0xbb, 0xbb,
            0xbb, 0xbb, 0xbb, 0xbb, 0xba, 0xba, 0xba, 0xba, 0xba, 0xba, 0xba, 0xba, 0xba, 0xba,
            0xba, 0xba, 0xba, 0xba, 0xba, 0xba, 0xba, 0xba, 0xba, 0xba, 0xba, 0xba, 0xba, 0xba,
            0xba, 0xba, 0xba, 0xba, 0xba, 0xba, 0xba, 0xba, 0xba, 0xba, 0xba, 0xba, 0xba, 0xba,
            0xba, 0xba, 0xba, 0xba, 0xba, 0xba, 0xba, 0xba, 0xba, 0xba, 0xba, 0xba, 0xba, 0xba,
            0xba, 0xba, 0xba, 0xba, 0xba, 0xba, 0xba, 0xba, 0xba, 0xba, 0xba, 0xba, 0xa5, 0xa5,
            0xa5, 0xa5, 0xa5, 0xa5, 0xa5, 0xa5, 0xa5, 0xa5, 0xa5, 0xa5, 0xa5, 0xa5, 0xa5, 0xa5,
            0xa5, 0xa5, 0xa5, 0xa5, 0xa5, 0xa5, 0xa5, 0xa5, 0xa5, 0xa5, 0xa5, 0xa5, 0xa5, 0xa5,
            0xa5, 0xa5, 0xa5, 0xa5, 0xa5, 0xa5, 0xa5, 0xa5, 0xa5, 0xa5, 0xa5, 0xa5, 0xa5, 0xa5,
            0xa5, 0xa5, 0xa5, 0xa5, 0xa5, 0xa5, 0xa5, 0xa5, 0xa5, 0xa5, 0xa5, 0xa5, 0xa5, 0xa5,
            0xa5, 0xa5, 0xa5, 0xa5, 0xa5, 0xa5, 0xa5, 0xa5, 0xa5, 0xa5, 0xa5, 0xa5, 0xa5, 0xa5,
            0xa5, 0xa5, 0xa5, 0xa5, 0xa5, 0xa5, 0xa5, 0xa5, 0xa5, 0xa5, 0xa5, 0xa5, 0xa5, 0xa5,
            0xa5, 0xa5, 0xa5, 0xa5, 0xa5, 0xa5, 0xa5, 0xa5, 0xa5, 0xa5, 0xa5, 0xa5, 0xa5, 0xa5,
            0xa5, 0xa5, 0xa5, 0xa5, 0xa5, 0xa5, 0xa5, 0xa5, 0xa5, 0xa5, 0xa5, 0xa5, 0xa5, 0xa5,
            0xa5, 0xa5, 0xa5, 0xa5, 0xa5, 0xa5, 0xa5, 0xa5, 0xa5, 0xa5, 0xa5, 0xa5, 0xa5, 0xa5,
            0xa4, 0xa4, 0xa4, 0xa4, 0xa4, 0xa4, 0xa4, 0xa4, 0xa4, 0xa4, 0xa4, 0xa4, 0xa4, 0xa4,
            0xa4, 0xa4, 0xa4, 0xa4, 0xa4, 0xa4, 0xa4, 0xa4, 0xa4, 0xa4, 0xa4, 0xa4, 0xa4, 0xa4,
            0xa4, 0xa4, 0xa4, 0xa4, 0xa4, 0xa4, 0xa4, 0xa4, 0xa4, 0xa4, 0xa4, 0xa4, 0xa4, 0xa4,
            0xa4, 0xa4, 0xa4, 0xa4, 0xa4, 0xa4, 0xa4, 0xa4, 0xa4, 0xa4, 0xa4, 0xa4, 0xa4, 0xa4,
            0xa4, 0xa4, 0xa4, 0xa4, 0xa4, 0xa4, 0xa4, 0xa4, 0xa4, 0xa4, 0xa4, 0xa4, 0xa4, 0xa4,
            0xa4, 0xa4, 0xa4, 0xa4, 0xa4, 0xa4, 0xa4, 0xa4, 0xa4, 0xa4, 0xa4, 0xa4, 0xa4, 0xa4,
            0xa4, 0xa4, 0xa4, 0xa4, 0xa4, 0xa4, 0xa4, 0xa4, 0xa4, 0xa4, 0xa4, 0xa4, 0xa4, 0xa4,
            0xa4, 0xa4, 0xa4, 0xa4, 0xa4, 0xa4, 0xa4, 0xa4, 0xa4, 0xa4, 0xa4, 0xa4, 0xa4, 0xa4,
            0xa4, 0xa4, 0xa4, 0xa4, 0xa4, 0xa4, 0xa4, 0xa4, 0xa4, 0xa4, 0xa4, 0xa4, 0xa4, 0xa4,
            0xa4, 0xa4, 0xa7, 0xa7, 0xa7, 0xa7, 0xa7, 0xa7, 0xa7, 0xa7, 0xa7, 0xa7, 0xa7, 0xa7,
            0xa7, 0xa7, 0xa7, 0xa7, 0xa7, 0xa7, 0xa7, 0xa7, 0xa7, 0xa7, 0xa7, 0xa7, 0xa7, 0xa7,
            0xa7, 0xa7, 0xa7, 0xa7, 0xa7, 0xa7, 0xa7, 0xa7, 0xa7, 0xa7, 0xa7, 0xa7, 0xa7, 0xa7,
            0xa7, 0xa7, 0xa7, 0xa7, 0xa7, 0xa7, 0xa7, 0xa7, 0xa7, 0xa7, 0xa7, 0xa7, 0xa7, 0xa7,
            0xa7, 0xa7, 0xa7, 0xa7, 0xa7, 0xa7, 0xa7, 0xa7, 0xa7, 0xa7, 0xa7, 0xa7, 0xa7, 0xa7,
            0xa7, 0xa7, 0xa7, 0xa7, 0xa7, 0xa7, 0xa7, 0xa7, 0xa7, 0xa7, 0xa7, 0xa7, 0xa7, 0xa7,
            0xa7, 0xa7, 0xa7, 0xa7, 0xa7, 0xa7, 0xa7, 0xa7, 0xa7, 0xa7, 0xa7, 0xa7, 0xa7, 0xa7,
            0xa7, 0xa7, 0xa7, 0xa7, 0xa7, 0xa7, 0xa7, 0xa7, 0xa7, 0xa7, 0xa7, 0xa7, 0xa7, 0xa7,
            0xa7, 0xa7, 0xa7, 0xa7, 0xa7, 0xa7, 0xa7, 0xa7, 0xa7, 0xa7, 0xa7, 0xa7, 0xa7, 0xa7,
            0xa7, 0xa7, 0xa7, 0xa7, 0xa6, 0xa6, 0xa6, 0xa6, 0xa6, 0xa6, 0xa6, 0xa6, 0xa6, 0xa6,
            0xa6, 0xa6, 0xa6, 0xa6, 0xa6, 0xa6, 0xa6, 0xa6, 0xa6, 0xa6, 0xa6, 0xa6, 0xa6, 0xa6,
            0xa6, 0xa6, 0xa6, 0xa6, 0xa6, 0xa6, 0xa6, 0xa6, 0xa6, 0xa6, 0xa6, 0xa6, 0xa6, 0xa6,
            0xa6, 0xa6, 0xa6, 0xa6, 0xa6, 0xa6, 0xa6, 0xa6, 0xa6, 0xa6, 0xa6, 0xa6, 0xa6, 0xa6,
            0xa6, 0xa6, 0xa6, 0xa6, 0xa6, 0xa6, 0xa6, 0xa6, 0xa6, 0xa6, 0xa6, 0xa6, 0xa6, 0xa6,
            0xa6, 0xa6, 0xa6, 0xa6, 0xa6, 0xa6, 0xa6, 0xa6, 0xa6, 0xa6, 0xa6, 0xa6, 0xa6, 0xa6,
            0xa6, 0xa6, 0xa6, 0xa6, 0xa6, 0xa6, 0xa6, 0xa6, 0xa6, 0xa6, 0xa6, 0xa6, 0xa6, 0xa6,
            0xa6, 0xa6, 0xa6, 0xa6, 0xa6, 0xa6, 0xa6, 0xa6, 0xa6, 0xa6, 0xa6, 0xa6, 0xa6, 0xa6,
            0xa6, 0xa6, 0xa6, 0xa6, 0xa6, 0xa6, 0xa6, 0xa6, 0xa6, 0xa6, 0xa6, 0xa6, 0xa6, 0xa6,
            0xa6, 0xa6, 0xa6, 0xa6, 0xa6, 0xa6, 0xa1, 0xa1, 0xa1, 0xa1, 0xa1, 0xa1, 0xa1, 0xa1,
            0xa1, 0xa1, 0xa1, 0xa1, 0xa1, 0xa1, 0xa1, 0xa1, 0xa1, 0xa1, 0xa1, 0xa1, 0xa1, 0xa1,
            0xa1, 0xa1, 0xa1, 0xa1, 0xa1, 0xa1, 0xa1, 0xa1, 0xa1, 0xa1, 0xa1, 0xa1, 0xa1, 0xa1,
            0xa1, 0xa1, 0xa1, 0xa1, 0xa1, 0xa1, 0xa1, 0xa1, 0xa1, 0xa1, 0xa1, 0xa1, 0xa1, 0xa1,
            0xa1, 0xa1, 0xa1, 0xa1, 0xa1, 0xa1, 0xa1, 0xa1, 0xa1, 0xa1, 0xa1, 0xa1, 0xa1, 0xa1,
            0xa1, 0xa1, 0xa1, 0xa1, 0xa1, 0xa1, 0xa1, 0xa1, 0xa1, 0xa1, 0xa1, 0xa1, 0xa1, 0xa1,
            0xa1, 0xa1, 0xa1, 0xa1, 0xa1, 0xa1, 0xa1, 0xa1, 0xa1, 0xa1, 0xa1, 0xa1, 0xa1, 0xa1,
            0xa1, 0xa1, 0xa1, 0xa1, 0xa1, 0xa1, 0xa1, 0xa1, 0xa1, 0xa1, 0xa1, 0xa1, 0xa1, 0xa1,
            0xa1, 0xa1, 0xa1, 0xa1, 0xa1, 0xa1, 0xa1, 0xa1, 0xa1, 0xa1, 0xa1, 0xa1, 0xa1, 0xa1,
            0xa1, 0xa1, 0xa1, 0xa1, 0xa1, 0xa1, 0xa1, 0xa1, 0xa0, 0xa0, 0xa0, 0xa0, 0xa0, 0xa0,
            0xa0, 0xa0, 0xa0, 0xa0, 0xa0, 0xa0, 0xa0, 0xa0, 0xa0, 0xa0, 0xa0, 0xa0, 0xa0, 0xa0,
            0xa0, 0xa0, 0xa0, 0xa0, 0xa0, 0xa0, 0xa0, 0xa0, 0xa0, 0xa0, 0xa0, 0xa0, 0xa0, 0xa0,
            0xa0, 0xa0, 0xa0, 0xa0, 0xa0, 0xa0, 0xa0, 0xa0, 0xa0, 0xa0, 0xa0, 0xa0, 0xa0, 0xa0,
            0xa0, 0xa0, 0xa0, 0xa0, 0xa0, 0xa0, 0xa0, 0xa0, 0xa0, 0xa0, 0xa0, 0xa0, 0xa0, 0xa0,
            0xa0, 0xa0, 0xa0, 0xa0, 0xa0, 0xa0, 0xa0, 0xa0, 0xa0, 0xa0, 0xa0, 0xa0, 0xa0, 0xa0,
            0xa0, 0xa0, 0xa0, 0xa0, 0xa0, 0xa0, 0xa0, 0xa0, 0xa0, 0xa0, 0xa0, 0xa0, 0xa0, 0xa0,
            0xa0, 0xa0, 0xa0, 0xa0, 0xa0, 0xa0, 0xa0, 0xa0, 0xa0, 0xa0, 0xa0, 0xa0, 0xa0, 0xa0,
            0xa0, 0xa0, 0xa0, 0xa0, 0xa0, 0xa0, 0xa0, 0xa0, 0xa0, 0xa0, 0xa0, 0xa0, 0xa0, 0xa0,
            0xa0, 0xa0, 0xa0, 0xa0, 0xa0, 0xa0, 0xa0, 0xa0, 0xa0, 0xa0, 0xa3, 0xa3, 0xa3, 0xa3,
            0xa3, 0xa3, 0xa3, 0xa3, 0xa3, 0xa3, 0xa3, 0xa3, 0xa3, 0xa3, 0xa3, 0xa3, 0xa3, 0xa3,
            0xa3, 0xa3, 0xa3, 0xa3, 0xa3, 0xa3, 0xa3, 0xa3, 0xa3, 0xa3, 0xa3, 0xa3, 0xa3, 0xa3,
            0xa3, 0xa3, 0xa3, 0xa3, 0xa3, 0xa3, 0xa3, 0xa3, 0xa3, 0xa3, 0xa3, 0xa3, 0xa3, 0xa3,
            0xa3, 0xa3, 0xa3, 0xa3, 0xa3, 0xa3, 0xa3, 0xa3, 0xa3, 0xa3, 0xa3, 0xa3, 0xa3, 0xa3,
            0xa3, 0xa3, 0xa3, 0xa3, 0xa3, 0xa3, 0xa3, 0xa3, 0xa3, 0xa3, 0xa3, 0xa3, 0xa3, 0xa3,
            0xa3, 0xa3, 0xa3, 0xa3, 0xa3, 0xa3, 0xa3, 0xa3, 0xa3, 0xa3, 0xa3, 0xa3, 0xa3, 0xa3,
            0xa3, 0xa3, 0xa3, 0xa3, 0xa3, 0xa3, 0xa3, 0xa3, 0xa3, 0xa3, 0xa3, 0xa3, 0xa3, 0xa3,
            0xa3, 0xa3, 0xa3, 0xa3, 0xa3, 0xa3, 0xa3, 0xa3, 0xa3, 0xa3, 0xa3, 0xa3, 0xa3, 0xa3,
            0xa3, 0xa3, 0xa3, 0xa3, 0xa3, 0xa3, 0xa3, 0xa3, 0xa3, 0xa3, 0xa3, 0xa3, 0xa2, 0xa2,
            0xa2, 0xa2, 0xa2, 0xa2, 0xa2, 0xa2, 0xa2, 0xa2, 0xa2, 0xa2, 0xa2, 0xa2, 0xa2, 0xa2,
            0xa2, 0xa2, 0xa2, 0xa2, 0xa2, 0xa2, 0xa2, 0xa2, 0xa2, 0xa2, 0xa2, 0xa2, 0xa2, 0xa2,
            0xa2, 0xa2, 0xa2, 0xa2, 0xa2, 0xa2, 0xa2, 0xa2, 0xa2, 0xa2, 0xa2, 0xa2, 0xa2, 0xa2,
            0xa2, 0xa2, 0xa2, 0xa2, 0xa2, 0xa2, 0xa2, 0xa2, 0xa2, 0xa2, 0xa2, 0xa2, 0xa2, 0xa2,
            0xa2, 0xa2, 0xa2, 0xa2, 0xa2, 0xa2, 0xa2, 0xa2, 0xa2, 0xa2, 0xa2, 0xa2, 0xa2, 0xa2,
            0xa2, 0xa2, 0xa2, 0xa2, 0xa2, 0xa2, 0xa2, 0xa2, 0xa2, 0xa2, 0xa2, 0xa2, 0xa2, 0xa2,
            0xa2, 0xa2, 0xa2, 0xa2, 0xa2, 0xa2, 0xa2, 0xa2, 0xa2, 0xa2, 0xa2, 0xa2, 0xa2, 0xa2,
            0xa2, 0xa2, 0xa2, 0xa2, 0xa2, 0xa2, 0xa2, 0xa2, 0xa2, 0xa2, 0xa2, 0xa2, 0xa2, 0xa2,
            0xa2, 0xa2, 0xa2, 0xa2, 0xa2, 0xa2, 0xa2, 0xa2, 0xa2, 0xa2, 0xa2, 0xa2, 0xa2, 0xa2,
            0xad, 0xad, 0xad, 0xad, 0xad, 0xad, 0xad, 0xad, 0xad, 0xad, 0xad, 0xad, 0xad, 0xad,
            0xad, 0xad, 0xad, 0xad, 0xad, 0xad, 0xad, 0xad, 0xad, 0xad, 0xad, 0xad, 0xad, 0xad,
            0xad, 0xad, 0xad, 0xad, 0xad, 0xad, 0xad, 0xad, 0xad, 0xad, 0xad, 0xad, 0xad, 0xad,
            0xad, 0xad, 0xad, 0xad, 0xad, 0xad, 0xad, 0xad, 0xad, 0xad, 0xad, 0xad, 0xad, 0xad,
            0xad, 0xad, 0xad, 0xad, 0xad, 0xad, 0xad, 0xad, 0xad, 0xad, 0xad, 0xad, 0xad, 0xad,
            0xad, 0xad, 0xad, 0xad, 0xad, 0xad, 0xad, 0xad, 0xad, 0xad, 0xad, 0xad, 0xad, 0xad,
            0xad, 0xad, 0xad, 0xad, 0xad, 0xad, 0xad, 0xad, 0xad, 0xad, 0xad, 0xad, 0xad, 0xad,
            0xad, 0xad, 0xad, 0xad, 0xad, 0xad, 0xad, 0xad, 0xad, 0xad, 0xad, 0xad, 0xad, 0xad,
            0xad, 0xad, 0xad, 0xad, 0xad, 0xad, 0xad, 0xad, 0xad, 0xad, 0xad, 0xad, 0xad, 0xad,
            0xad, 0xad, 0xac, 0xac, 0xac, 0xac, 0xac, 0xac, 0xac, 0xac, 0xac, 0xac, 0xac, 0xac,
            0xac, 0xac, 0xac, 0xac, 0xac, 0xac, 0xac, 0xac, 0xac, 0xac, 0xac, 0xac, 0xac, 0xac,
            0xac, 0xac, 0xac, 0xac, 0xac, 0xac, 0xac, 0xac, 0xac, 0xac, 0xac, 0xac, 0xac, 0xac,
            0xac, 0xac, 0xac, 0xac, 0xac, 0xac, 0xac, 0xac, 0xac, 0xac, 0xac, 0xac, 0xac, 0xac,
            0xac, 0xac, 0xac, 0xac, 0xac, 0xac, 0xac, 0xac, 0xac, 0xac, 0xac, 0xac, 0xac, 0xac,
            0xac, 0xac, 0xac, 0xac, 0xac, 0xac, 0xac, 0xac, 0xac, 0xac, 0xac, 0xac, 0xac, 0xac,
            0xac, 0xac, 0xac, 0xac, 0xac, 0xac, 0xac, 0xac, 0xac, 0xac, 0xac, 0xac, 0xac, 0xac,
            0xac, 0xac, 0xac, 0xac, 0xac, 0xac, 0xac, 0xac, 0xac, 0xac, 0xac, 0xac, 0xac, 0xac,
            0xac, 0xac, 0xac, 0xac, 0xac, 0xac, 0xac, 0xac, 0xac, 0xac, 0xac, 0xac, 0xac, 0xac,
            0xac, 0xac, 0xac, 0xac, 0xaf, 0xaf, 0xaf, 0xaf, 0xaf, 0xaf, 0xaf, 0xaf, 0xaf, 0xaf,
            0xaf, 0xaf, 0xaf, 0xaf, 0xaf, 0xaf, 0xaf, 0xaf, 0xaf, 0xaf, 0xaf, 0xaf, 0xaf, 0xaf,
            0xaf, 0xaf, 0xaf, 0xaf, 0xaf, 0xaf, 0xaf, 0xaf, 0xaf, 0xaf, 0xaf, 0xaf, 0xaf, 0xaf,
            0xaf, 0xaf, 0xaf, 0xaf, 0xaf, 0xaf, 0xaf, 0xaf, 0xaf, 0xaf, 0xaf, 0xaf, 0xaf, 0xaf,
            0xaf, 0xaf, 0xaf, 0xaf, 0xaf, 0xaf, 0xaf, 0xaf, 0xaf, 0xaf, 0xaf, 0xaf, 0xaf, 0xaf,
            0xaf, 0xaf, 0xaf, 0xaf, 0xaf, 0xaf, 0xaf, 0xaf, 0xaf, 0xaf, 0xaf, 0xaf, 0xaf, 0xaf,
            0xaf, 0xaf, 0xaf, 0xaf, 0xaf, 0xaf, 0xaf, 0xaf, 0xaf, 0xaf, 0xaf, 0xaf, 0xaf, 0xaf,
            0xaf, 0xaf, 0xaf, 0xaf, 0xaf, 0xaf, 0xaf, 0xaf, 0xaf, 0xaf, 0xaf, 0xaf, 0xaf, 0xaf,
            0xaf, 0xaf, 0xaf, 0xaf, 0xaf, 0xaf, 0xaf, 0xaf, 0xaf, 0xaf, 0xaf, 0xaf, 0xaf, 0xaf,
            0xaf, 0xaf, 0xaf, 0xaf, 0xaf, 0xaf, 0xae, 0xae, 0xae, 0xae, 0xae, 0xae, 0xae, 0xae,
            0xae, 0xae, 0xae, 0xae, 0xae, 0xae, 0xae, 0xae, 0xae, 0xae, 0xae, 0xae, 0xae, 0xae,
            0xae, 0xae, 0xae, 0xae, 0xae, 0xae, 0xae, 0xae, 0xae, 0xae, 0xae, 0xae, 0xae, 0xae,
            0xae, 0xae, 0xae, 0xae, 0xae, 0xae, 0xae, 0xae, 0xae, 0xae, 0xae, 0xae, 0xae, 0xae,
            0xae, 0xae, 0xae, 0xae, 0xae, 0xae, 0xae, 0xae, 0xae, 0xae, 0xae, 0xae, 0xae, 0xae,
            0xae, 0xae, 0xae, 0xae, 0xae, 0xae, 0xae, 0xae, 0xae, 0xae, 0xae, 0xae, 0xae, 0xae,
            0xae, 0xae, 0xae, 0xae, 0xae, 0xae, 0xae, 0xae, 0xae, 0xae, 0xae, 0xae, 0xae, 0xae,
            0xae, 0xae, 0xae, 0xae, 0xae, 0xae, 0xae, 0xae, 0xae, 0xae, 0xae, 0xae, 0xae, 0xae,
            0xae, 0xae, 0xae, 0xae, 0xae, 0xae, 0xae, 0xae, 0xae, 0xae, 0xae, 0xae, 0xae, 0xae,
            0xae, 0xae, 0xae, 0xae, 0xae, 0xae, 0xae, 0xae, 0xa9, 0xa9, 0xa9, 0xa9, 0xa9, 0xa9,
            0xa9, 0xa9, 0xa9, 0xa9, 0xa9, 0xa9, 0xa9, 0xa9, 0xa9, 0xa9, 0xa9, 0xa9, 0xa9, 0xa9,
            0xa9, 0xa9, 0xa9, 0xa9, 0xa9, 0xa9, 0xa9, 0xa9, 0xa9, 0xa9, 0xa9, 0xa9, 0xa9, 0xa9,
            0xa9, 0xa9, 0xa9, 0xa9, 0xa9, 0xa9, 0xa9, 0xa9, 0xa9, 0xa9, 0xa9, 0xa9, 0xa9, 0xa9,
            0xa9, 0xa9, 0xa9, 0xa9, 0xa9, 0xa9, 0xa9, 0xa9, 0xa9, 0xa9, 0xa9, 0xa9, 0xa9, 0xa9,
            0xa9, 0xa9, 0xa9, 0xa9, 0xa9, 0xa9, 0xa9, 0xa9, 0xa9, 0xa9, 0xa9, 0xa9, 0xa9, 0xa9,
            0xa9, 0xa9, 0xa9, 0xa9, 0xa9, 0xa9, 0xa9, 0xa9, 0xa9, 0xa9, 0xa9, 0xa9, 0xa9, 0xa9,
            0xa9, 0xa9, 0xa9, 0xa9, 0xa9, 0xa9, 0xa9, 0xa9, 0xa9, 0xa9, 0xa9, 0xa9, 0xa9, 0xa9,
            0xa9, 0xa9, 0xa9, 0xa9, 0xa9, 0xa9, 0xa9, 0xa9, 0xa9, 0xa9, 0xa9, 0xa9, 0xa9, 0xa9,
            0xa9, 0xa9, 0xa9, 0xa9, 0xa9, 0xa9, 0xa9, 0xa9, 0xa9, 0xa9, 0xa8, 0xa8, 0xa8, 0xa8,
            0xa8, 0xa8, 0xa8, 0xa8, 0xa8, 0xa8, 0xa8, 0xa8, 0xa8, 0xa8, 0xa8, 0xa8, 0xa8, 0xa8,
            0xa8, 0xa8, 0xa8, 0xa8, 0xa8, 0xa8, 0xa8, 0xa8, 0xa8, 0xa8, 0xa8, 0xa8, 0xa8, 0xa8,
            0xa8, 0xa8, 0xa8, 0xa8, 0xa8, 0xa8, 0xa8, 0xa8, 0xa8, 0xa8, 0xa8, 0xa8, 0xa8, 0xa8,
            0xa8, 0xa8, 0xa8, 0xa8, 0xa8, 0xa8, 0xa8, 0xa8, 0xa8, 0xa8, 0xa8, 0xa8, 0xa8, 0xa8,
            0xa8, 0xa8, 0xa8, 0xa8, 0xa8, 0xa8, 0xa8, 0xa8, 0xa8, 0xa8, 0xa8, 0xa8, 0xa8, 0xa8,
            0xa8, 0xa8, 0xa8, 0xa8, 0xa8, 0xa8, 0xa8, 0xa8, 0xa8, 0xa8, 0xa8, 0xa8, 0xa8, 0xa8,
            0xa8, 0xa8, 0xa8, 0xa8, 0xa8, 0xa8, 0xa8, 0xa8, 0xa8, 0xa8, 0xa8, 0xa8, 0xa8, 0xa8,
            0xa8, 0xa8, 0xa8, 0xa8, 0xa8, 0xa8, 0xa8, 0xa8, 0xa8, 0xa8, 0xa8, 0xa8, 0xa8, 0xa8,
            0xa8, 0xa8, 0xa8, 0xa8, 0xa8, 0xa8, 0xa8, 0xa8, 0xa8, 0xa8, 0xa8, 0xa8, 0xab, 0xab,
            0xab, 0xab, 0xab, 0xab, 0xab, 0xab, 0xab, 0xab, 0xab, 0xab, 0xab, 0xab, 0xab, 0xab,
            0xab, 0xab, 0xab, 0xab, 0xab, 0xab, 0xab, 0xab, 0xab, 0xab, 0xab, 0xab, 0xab, 0xab,
            0xab, 0xab, 0xab, 0xab, 0xab, 0xab, 0xab, 0xab, 0xab, 0xab, 0xab, 0xab, 0xab, 0xab,
            0xab, 0xab, 0xab, 0xab, 0xab, 0xab, 0xab, 0xab, 0xab, 0xab, 0xab, 0xab, 0xab, 0xab,
            0xab, 0xab, 0xab, 0xab, 0xab, 0xab, 0xab, 0xab, 0xab, 0xab, 0xab, 0xab, 0xab, 0xab,
            0xab, 0xab, 0xab, 0xab, 0xab, 0xab, 0xab, 0xab, 0xab, 0xab, 0xab, 0xab, 0xab, 0xab,
            0xab, 0xab, 0xab, 0xab, 0xab, 0xab, 0xab, 0xab, 0xab, 0xab, 0xab, 0xab, 0xab, 0xab,
            0xab, 0xab, 0xab, 0xab, 0xab, 0xab, 0xab, 0xab, 0xab, 0xab, 0xab, 0xab, 0xab, 0xab,
            0xab, 0xab, 0xab, 0xab, 0xab, 0xab, 0xab, 0xab, 0xab, 0xab, 0xab, 0xab, 0xab, 0xab,
            0xaa, 0xaa, 0xaa, 0xaa, 0xaa, 0xaa, 0xaa, 0xaa, 0xaa, 0xaa, 0xaa, 0xaa, 0xaa, 0xaa,
            0xaa, 0xaa, 0xaa, 0xaa, 0xaa, 0xaa, 0xaa, 0xaa, 0xaa, 0xaa, 0xaa, 0xaa, 0xaa, 0xaa,
            0xaa, 0xaa, 0xaa, 0xaa, 0xaa, 0xaa, 0xaa, 0xaa, 0xaa, 0xaa, 0xaa, 0xaa, 0xaa, 0xaa,
            0xaa, 0xaa, 0xaa, 0xaa, 0xaa, 0xaa, 0xaa, 0xaa, 0xaa, 0xaa, 0xaa, 0xaa, 0xaa, 0xaa,
            0xaa, 0xaa, 0xaa, 0xaa, 0xaa, 0xaa, 0xaa, 0xaa, 0xaa, 0xaa, 0xaa, 0xaa, 0xaa, 0xaa,
            0xaa, 0xaa, 0xaa, 0xaa, 0xaa, 0xaa, 0xaa, 0xaa, 0xaa, 0xaa, 0xaa, 0xaa, 0xaa, 0xaa,
            0xaa, 0xaa, 0xaa, 0xaa, 0xaa, 0xaa, 0xaa, 0xaa, 0xaa, 0xaa, 0xaa, 0xaa, 0xaa, 0xaa,
            0xaa, 0xaa, 0xaa, 0xaa, 0xaa, 0xaa, 0xaa, 0xaa, 0xaa, 0xaa, 0xaa, 0xaa, 0xaa, 0xaa,
            0xaa, 0xaa, 0xaa, 0xaa, 0xaa, 0xaa, 0xaa, 0xaa, 0xaa, 0xaa, 0xaa, 0xaa, 0xaa, 0xaa,
            0xaa, 0xaa, 0x84, 0x82, 0x84, 0x86, 0x84, 0x8a, 0x84, 0x8e, 0x84, 0x92, 0x84, 0x96,
            0x84, 0x9a, 0x84, 0x9e, 0x84, 0xa2, 0x84, 0xa6, 0x84, 0xaa, 0x84, 0xae, 0x84, 0xb2,
            0x84, 0xb6, 0x84, 0xba, 0x84, 0xbe, 0x84, 0xc1, 0x84, 0xc3, 0x84, 0xc5, 0x84, 0xc7,
            0x84, 0xc9, 0x84, 0xcb, 0x84, 0xcd, 0x84, 0xcf, 0x84, 0xd1, 0x84, 0xd3, 0x84, 0xd5,
            0x84, 0xd7, 0x84, 0xd9, 0x84, 0xdb, 0x84, 0xdd, 0x84, 0xdf, 0x04, 0xe1, 0x04, 0xe2,
            0x04, 0xe3, 0x04, 0xe4, 0x04, 0xe5, 0x04, 0xe6, 0x04, 0xe7, 0x04, 0xe8, 0x04, 0xe9,
            0x04, 0xea, 0x04, 0xeb, 0x04, 0xec, 0x04, 0xed, 0x04, 0xee, 0x04, 0xef, 0x04, 0xf0,
            0xc4, 0xf0, 0x44, 0xf1, 0xc4, 0xf1, 0x44, 0xf2, 0xc4, 0xf2, 0x44, 0xf3, 0xc4, 0xf3,
            0x44, 0xf4, 0xc4, 0xf4, 0x44, 0xf5, 0xc4, 0xf5, 0x44, 0xf6, 0xc4, 0xf6, 0x44, 0xf7,
            0xc4, 0xf7, 0x44, 0xf8, 0xa4, 0xf8, 0xe4, 0xf8, 0x24, 0xf9, 0x64, 0xf9, 0xa4, 0xf9,
            0xe4, 0xf9, 0x24, 0xfa, 0x64, 0xfa, 0xa4, 0xfa, 0xe4, 0xfa, 0x24, 0xfb, 0x64, 0xfb,
            0xa4, 0xfb, 0xe4, 0xfb, 0x24, 0xfc, 0x64, 0xfc, 0x94, 0xfc, 0xb4, 0xfc, 0xd4, 0xfc,
            0xf4, 0xfc, 0x14, 0xfd, 0x34, 0xfd, 0x54, 0xfd, 0x74, 0xfd, 0x94, 0xfd, 0xb4, 0xfd,
            0xd4, 0xfd, 0xf4, 0xfd, 0x14, 0xfe, 0x34, 0xfe, 0x54, 0xfe, 0x74, 0xfe, 0x8c, 0xfe,
            0x9c, 0xfe, 0xac, 0xfe, 0xbc, 0xfe, 0xcc, 0xfe, 0xdc, 0xfe, 0xec, 0xfe, 0xfc, 0xfe,
            0x0c, 0xff, 0x1c, 0xff, 0x2c, 0xff, 0x3c, 0xff, 0x4c, 0xff, 0x5c, 0xff, 0x6c, 0xff,
            0x7c, 0xff, 0x88, 0xff, 0x90, 0xff, 0x98, 0xff, 0xa0, 0xff, 0xa8, 0xff, 0xb0, 0xff,
            0xb8, 0xff, 0xc0, 0xff, 0xc8, 0xff, 0xd0, 0xff, 0xd8, 0xff, 0xe0, 0xff, 0xe8, 0xff,
            0xf0, 0xff, 0xf8, 0xff, 0x00, 0x00, 0x7c, 0x7d, 0x7c, 0x79, 0x7c, 0x75, 0x7c, 0x71,
            0x7c, 0x6d, 0x7c, 0x69, 0x7c, 0x65, 0x7c, 0x61, 0x7c, 0x5d, 0x7c, 0x59, 0x7c, 0x55,
            0x7c, 0x51, 0x7c, 0x4d, 0x7c, 0x49, 0x7c, 0x45, 0x7c, 0x41, 0x7c, 0x3e, 0x7c, 0x3c,
            0x7c, 0x3a, 0x7c, 0x38, 0x7c, 0x36, 0x7c, 0x34, 0x7c, 0x32, 0x7c, 0x30, 0x7c, 0x2e,
            0x7c, 0x2c, 0x7c, 0x2a, 0x7c, 0x28, 0x7c, 0x26, 0x7c, 0x24, 0x7c, 0x22, 0x7c, 0x20,
            0xfc, 0x1e, 0xfc, 0x1d, 0xfc, 0x1c, 0xfc, 0x1b, 0xfc, 0x1a, 0xfc, 0x19, 0xfc, 0x18,
            0xfc, 0x17, 0xfc, 0x16, 0xfc, 0x15, 0xfc, 0x14, 0xfc, 0x13, 0xfc, 0x12, 0xfc, 0x11,
            0xfc, 0x10, 0xfc, 0x0f, 0x3c, 0x0f, 0xbc, 0x0e, 0x3c, 0x0e, 0xbc, 0x0d, 0x3c, 0x0d,
            0xbc, 0x0c, 0x3c, 0x0c, 0xbc, 0x0b, 0x3c, 0x0b, 0xbc, 0x0a, 0x3c, 0x0a, 0xbc, 0x09,
            0x3c, 0x09, 0xbc, 0x08, 0x3c, 0x08, 0xbc, 0x07, 0x5c, 0x07, 0x1c, 0x07, 0xdc, 0x06,
            0x9c, 0x06, 0x5c, 0x06, 0x1c, 0x06, 0xdc, 0x05, 0x9c, 0x05, 0x5c, 0x05, 0x1c, 0x05,
            0xdc, 0x04, 0x9c, 0x04, 0x5c, 0x04, 0x1c, 0x04, 0xdc, 0x03, 0x9c, 0x03, 0x6c, 0x03,
            0x4c, 0x03, 0x2c, 0x03, 0x0c, 0x03, 0xec, 0x02, 0xcc, 0x02, 0xac, 0x02, 0x8c, 0x02,
            0x6c, 0x02, 0x4c, 0x02, 0x2c, 0x02, 0x0c, 0x02, 0xec, 0x01, 0xcc, 0x01, 0xac, 0x01,
            0x8c, 0x01, 0x74, 0x01, 0x64, 0x01, 0x54, 0x01, 0x44, 0x01, 0x34, 0x01, 0x24, 0x01,
            0x14, 0x01, 0x04, 0x01, 0xf4, 0x00, 0xe4, 0x00, 0xd4, 0x00, 0xc4, 0x00, 0xb4, 0x00,
            0xa4, 0x00, 0x94, 0x00, 0x84, 0x00, 0x78, 0x00, 0x70, 0x00, 0x68, 0x00, 0x60, 0x00,
            0x58, 0x00, 0x50, 0x00, 0x48, 0x00, 0x40, 0x00, 0x38, 0x00, 0x30, 0x00, 0x28, 0x00,
            0x20, 0x00, 0x18, 0x00, 0x10, 0x00, 0x08, 0x00, 0x00, 0x00, 0xff, 0xfe, 0xfd, 0xfc,
            0xfb, 0xfa, 0xf9, 0xf8, 0xf7, 0xf6, 0xf5, 0xf4, 0xf3, 0xf2, 0xf1, 0xf0, 0xef, 0xef,
            0xee, 0xee, 0xed, 0xed, 0xec, 0xec, 0xeb, 0xeb, 0xea, 0xea, 0xe9, 0xe9, 0xe8, 0xe8,
            0xe7, 0xe7, 0xe6, 0xe6, 0xe5, 0xe5, 0xe4, 0xe4, 0xe3, 0xe3, 0xe2, 0xe2, 0xe1, 0xe1,
            0xe0, 0xe0, 0xdf, 0xdf, 0xdf, 0xdf, 0xde, 0xde, 0xde, 0xde, 0xdd, 0xdd, 0xdd, 0xdd,
            0xdc, 0xdc, 0xdc, 0xdc, 0xdb, 0xdb, 0xdb, 0xdb, 0xda, 0xda, 0xda, 0xda, 0xd9, 0xd9,
            0xd9, 0xd9, 0xd8, 0xd8, 0xd8, 0xd8, 0xd7, 0xd7, 0xd7, 0xd7, 0xd6, 0xd6, 0xd6, 0xd6,
            0xd5, 0xd5, 0xd5, 0xd5, 0xd4, 0xd4, 0xd4, 0xd4, 0xd3, 0xd3, 0xd3, 0xd3, 0xd2, 0xd2,
            0xd2, 0xd2, 0xd1, 0xd1, 0xd1, 0xd1, 0xd0, 0xd0, 0xd0, 0xd0, 0xcf, 0xcf, 0xcf, 0xcf,
            0xcf, 0xcf, 0xcf, 0xcf, 0xce, 0xce, 0xce, 0xce, 0xce, 0xce, 0xce, 0xce, 0xcd, 0xcd,
            0xcd, 0xcd, 0xcd, 0xcd, 0xcd, 0xcd, 0xcc, 0xcc, 0xcc, 0xcc, 0xcc, 0xcc, 0xcc, 0xcc,
            0xcb, 0xcb, 0xcb, 0xcb, 0xcb, 0xcb, 0xcb, 0xcb, 0xca, 0xca, 0xca, 0xca, 0xca, 0xca,
            0xca, 0xca, 0xc9, 0xc9, 0xc9, 0xc9, 0xc9, 0xc9, 0xc9, 0xc9, 0xc8, 0xc8, 0xc8, 0xc8,
            0xc8, 0xc8, 0xc8, 0xc8, 0xc7, 0xc7, 0xc7, 0xc7, 0xc7, 0xc7, 0xc7, 0xc7, 0xc6, 0xc6,
            0xc6, 0xc6, 0xc6, 0xc6, 0xc6, 0xc6, 0xc5, 0xc5, 0xc5, 0xc5, 0xc5, 0xc5, 0xc5, 0xc5,
            0xc4, 0xc4, 0xc4, 0xc4, 0xc4, 0xc4, 0xc4, 0xc4, 0xc3, 0xc3, 0xc3, 0xc3, 0xc3, 0xc3,
            0xc3, 0xc3, 0xc2, 0xc2, 0xc2, 0xc2, 0xc2, 0xc2, 0xc2, 0xc2, 0xc1, 0xc1, 0xc1, 0xc1,
            0xc1, 0xc1, 0xc1, 0xc1, 0xc0, 0xc0, 0xc0, 0xc0, 0xc0, 0xc0, 0xc0, 0xc0, 0xbf, 0xbf,
            0xbf, 0xbf, 0xbf, 0xbf, 0xbf, 0xbf, 0xbf, 0xbf, 0xbf, 0xbf, 0xbf, 0xbf, 0xbf, 0xbf,
            0xbe, 0xbe, 0xbe, 0xbe, 0xbe, 0xbe, 0xbe, 0xbe, 0xbe, 0xbe, 0xbe, 0xbe, 0xbe, 0xbe,
            0xbe, 0xbe, 0xbd, 0xbd, 0xbd, 0xbd, 0xbd, 0xbd, 0xbd, 0xbd, 0xbd, 0xbd, 0xbd, 0xbd,
            0xbd, 0xbd, 0xbd, 0xbd, 0xbc, 0xbc, 0xbc, 0xbc, 0xbc, 0xbc, 0xbc, 0xbc, 0xbc, 0xbc,
            0xbc, 0xbc, 0xbc, 0xbc, 0xbc, 0xbc, 0xbb, 0xbb, 0xbb, 0xbb, 0xbb, 0xbb, 0xbb, 0xbb,
            0xbb, 0xbb, 0xbb, 0xbb, 0xbb, 0xbb, 0xbb, 0xbb, 0xba, 0xba, 0xba, 0xba, 0xba, 0xba,
            0xba, 0xba, 0xba, 0xba, 0xba, 0xba, 0xba, 0xba, 0xba, 0xba, 0xb9, 0xb9, 0xb9, 0xb9,
            0xb9, 0xb9, 0xb9, 0xb9, 0xb9, 0xb9, 0xb9, 0xb9, 0xb9, 0xb9, 0xb9, 0xb9, 0xb8, 0xb8,
            0xb8, 0xb8, 0xb8, 0xb8, 0xb8, 0xb8, 0xb8, 0xb8, 0xb8, 0xb8, 0xb8, 0xb8, 0xb8, 0xb8,
            0xb7, 0xb7, 0xb7, 0xb7, 0xb7, 0xb7, 0xb7, 0xb7, 0xb7, 0xb7, 0xb7, 0xb7, 0xb7, 0xb7,
            0xb7, 0xb7, 0xb6, 0xb6, 0xb6, 0xb6, 0xb6, 0xb6, 0xb6, 0xb6, 0xb6, 0xb6, 0xb6, 0xb6,
            0xb6, 0xb6, 0xb6, 0xb6, 0xb5, 0xb5, 0xb5, 0xb5, 0xb5, 0xb5, 0xb5, 0xb5, 0xb5, 0xb5,
            0xb5, 0xb5, 0xb5, 0xb5, 0xb5, 0xb5, 0xb4, 0xb4, 0xb4, 0xb4, 0xb4, 0xb4, 0xb4, 0xb4,
            0xb4, 0xb4, 0xb4, 0xb4, 0xb4, 0xb4, 0xb4, 0xb4, 0xb3, 0xb3, 0xb3, 0xb3, 0xb3, 0xb3,
            0xb3, 0xb3, 0xb3, 0xb3, 0xb3, 0xb3, 0xb3, 0xb3, 0xb3, 0xb3, 0xb2, 0xb2, 0xb2, 0xb2,
            0xb2, 0xb2, 0xb2, 0xb2, 0xb2, 0xb2, 0xb2, 0xb2, 0xb2, 0xb2, 0xb2, 0xb2, 0xb1, 0xb1,
            0xb1, 0xb1, 0xb1, 0xb1, 0xb1, 0xb1, 0xb1, 0xb1, 0xb1, 0xb1, 0xb1, 0xb1, 0xb1, 0xb1,
            0xb0, 0xb0, 0xb0, 0xb0, 0xb0, 0xb0, 0xb0, 0xb0, 0xb0, 0xb0, 0xb0, 0xb0, 0xb0, 0xb0,
            0xb0, 0xb0, 0xaf, 0xaf, 0xaf, 0xaf, 0xaf, 0xaf, 0xaf, 0xaf, 0xaf, 0xaf, 0xaf, 0xaf,
            0xaf, 0xaf, 0xaf, 0xaf, 0xaf, 0xaf, 0xaf, 0xaf, 0xaf, 0xaf, 0xaf, 0xaf, 0xaf, 0xaf,
            0xaf, 0xaf, 0xaf, 0xaf, 0xaf, 0xaf, 0xae, 0xae, 0xae, 0xae, 0xae, 0xae, 0xae, 0xae,
            0xae, 0xae, 0xae, 0xae, 0xae, 0xae, 0xae, 0xae, 0xae, 0xae, 0xae, 0xae, 0xae, 0xae,
            0xae, 0xae, 0xae, 0xae, 0xae, 0xae, 0xae, 0xae, 0xae, 0xae, 0xad, 0xad, 0xad, 0xad,
            0xad, 0xad, 0xad, 0xad, 0xad, 0xad, 0xad, 0xad, 0xad, 0xad, 0xad, 0xad, 0xad, 0xad,
            0xad, 0xad, 0xad, 0xad, 0xad, 0xad, 0xad, 0xad, 0xad, 0xad, 0xad, 0xad, 0xad, 0xad,
            0xac, 0xac, 0xac, 0xac, 0xac, 0xac, 0xac, 0xac, 0xac, 0xac, 0xac, 0xac, 0xac, 0xac,
            0xac, 0xac, 0xac, 0xac, 0xac, 0xac, 0xac, 0xac, 0xac, 0xac, 0xac, 0xac, 0xac, 0xac,
            0xac, 0xac, 0xac, 0xac, 0xab, 0xab, 0xab, 0xab, 0xab, 0xab, 0xab, 0xab, 0xab, 0xab,
            0xab, 0xab, 0xab, 0xab, 0xab, 0xab, 0xab, 0xab, 0xab, 0xab, 0xab, 0xab, 0xab, 0xab,
            0xab, 0xab, 0xab, 0xab, 0xab, 0xab, 0xab, 0xab, 0xaa, 0xaa, 0xaa, 0xaa, 0xaa, 0xaa,
            0xaa, 0xaa, 0xaa, 0xaa, 0xaa, 0xaa, 0xaa, 0xaa, 0xaa, 0xaa, 0xaa, 0xaa, 0xaa, 0xaa,
            0xaa, 0xaa, 0xaa, 0xaa, 0xaa, 0xaa, 0xaa, 0xaa, 0xaa, 0xaa, 0xaa, 0xaa, 0xa9, 0xa9,
            0xa9, 0xa9, 0xa9, 0xa9, 0xa9, 0xa9, 0xa9, 0xa9, 0xa9, 0xa9, 0xa9, 0xa9, 0xa9, 0xa9,
            0xa9, 0xa9, 0xa9, 0xa9, 0xa9, 0xa9, 0xa9, 0xa9, 0xa9, 0xa9, 0xa9, 0xa9, 0xa9, 0xa9,
            0xa9, 0xa9, 0xa8, 0xa8, 0xa8, 0xa8, 0xa8, 0xa8, 0xa8, 0xa8, 0xa8, 0xa8, 0xa8, 0xa8,
            0xa8, 0xa8, 0xa8, 0xa8, 0xa8, 0xa8, 0xa8, 0xa8, 0xa8, 0xa8, 0xa8, 0xa8, 0xa8, 0xa8,
            0xa8, 0xa8, 0xa8, 0xa8, 0xa8, 0xa8, 0xa7, 0xa7, 0xa7, 0xa7, 0xa7, 0xa7, 0xa7, 0xa7,
            0xa7, 0xa7, 0xa7, 0xa7, 0xa7, 0xa7, 0xa7, 0xa7, 0xa7, 0xa7, 0xa7, 0xa7, 0xa7, 0xa7,
            0xa7, 0xa7, 0xa7, 0xa7, 0xa7, 0xa7, 0xa7, 0xa7, 0xa7, 0xa7, 0xa6, 0xa6, 0xa6, 0xa6,
            0xa6, 0xa6, 0xa6, 0xa6, 0xa6, 0xa6, 0xa6, 0xa6, 0xa6, 0xa6, 0xa6, 0xa6, 0xa6, 0xa6,
            0xa6, 0xa6, 0xa6, 0xa6, 0xa6, 0xa6, 0xa6, 0xa6, 0xa6, 0xa6, 0xa6, 0xa6, 0xa6, 0xa6,
            0xa5, 0xa5, 0xa5, 0xa5, 0xa5, 0xa5, 0xa5, 0xa5, 0xa5, 0xa5, 0xa5, 0xa5, 0xa5, 0xa5,
            0xa5, 0xa5, 0xa5, 0xa5, 0xa5, 0xa5, 0xa5, 0xa5, 0xa5, 0xa5, 0xa5, 0xa5, 0xa5, 0xa5,
            0xa5, 0xa5, 0xa5, 0xa5, 0xa4, 0xa4, 0xa4, 0xa4, 0xa4, 0xa4, 0xa4, 0xa4, 0xa4, 0xa4,
            0xa4, 0xa4, 0xa4, 0xa4, 0xa4, 0xa4, 0xa4, 0xa4, 0xa4, 0xa4, 0xa4, 0xa4, 0xa4, 0xa4,
            0xa4, 0xa4, 0xa4, 0xa4, 0xa4, 0xa4, 0xa4, 0xa4, 0xa3, 0xa3, 0xa3, 0xa3, 0xa3, 0xa3,
            0xa3, 0xa3, 0xa3, 0xa3, 0xa3, 0xa3, 0xa3, 0xa3, 0xa3, 0xa3, 0xa3, 0xa3, 0xa3, 0xa3,
            0xa3, 0xa3, 0xa3, 0xa3, 0xa3, 0xa3, 0xa3, 0xa3, 0xa3, 0xa3, 0xa3, 0xa3, 0xa2, 0xa2,
            0xa2, 0xa2, 0xa2, 0xa2, 0xa2, 0xa2, 0xa2, 0xa2, 0xa2, 0xa2, 0xa2, 0xa2, 0xa2, 0xa2,
            0xa2, 0xa2, 0xa2, 0xa2, 0xa2, 0xa2, 0xa2, 0xa2, 0xa2, 0xa2, 0xa2, 0xa2, 0xa2, 0xa2,
            0xa2, 0xa2, 0xa1, 0xa1, 0xa1, 0xa1, 0xa1, 0xa1, 0xa1, 0xa1, 0xa1, 0xa1, 0xa1, 0xa1,
            0xa1, 0xa1, 0xa1, 0xa1, 0xa1, 0xa1, 0xa1, 0xa1, 0xa1, 0xa1, 0xa1, 0xa1, 0xa1, 0xa1,
            0xa1, 0xa1, 0xa1, 0xa1, 0xa1, 0xa1, 0xa0, 0xa0, 0xa0, 0xa0, 0xa0, 0xa0, 0xa0, 0xa0,
            0xa0, 0xa0, 0xa0, 0xa0, 0xa0, 0xa0, 0xa0, 0xa0, 0xa0, 0xa0, 0xa0, 0xa0, 0xa0, 0xa0,
            0xa0, 0xa0, 0xa0, 0xa0, 0xa0, 0xa0, 0xa0, 0xa0, 0xa0, 0xa0, 0x9f, 0x9f, 0x9f, 0x9f,
            0x9f, 0x9f, 0x9f, 0x9f, 0x9f, 0x9f, 0x9f, 0x9f, 0x9f, 0x9f, 0x9f, 0x9f, 0x9f, 0x9f,
            0x9f, 0x9f, 0x9f, 0x9f, 0x9f, 0x9f, 0x9f, 0x9f, 0x9f, 0x9f, 0x9f, 0x9f, 0x9f, 0x9f,
            0x9f, 0x9f, 0x9f, 0x9f, 0x9f, 0x9f, 0x9f, 0x9f, 0x9f, 0x9f, 0x9f, 0x9f, 0x9f, 0x9f,
            0x9f, 0x9f, 0x9f, 0x9f, 0x9f, 0x9f, 0x9f, 0x9f, 0x9f, 0x9f, 0x9f, 0x9f, 0x9f, 0x9f,
            0x9f, 0x9f, 0x9f, 0x9f, 0x9e, 0x9e, 0x9e, 0x9e, 0x9e, 0x9e, 0x9e, 0x9e, 0x9e, 0x9e,
            0x9e, 0x9e, 0x9e, 0x9e, 0x9e, 0x9e, 0x9e, 0x9e, 0x9e, 0x9e, 0x9e, 0x9e, 0x9e, 0x9e,
            0x9e, 0x9e, 0x9e, 0x9e, 0x9e, 0x9e, 0x9e, 0x9e, 0x9e, 0x9e, 0x9e, 0x9e, 0x9e, 0x9e,
            0x9e, 0x9e, 0x9e, 0x9e, 0x9e, 0x9e, 0x9e, 0x9e, 0x9e, 0x9e, 0x9e, 0x9e, 0x9e, 0x9e,
            0x9e, 0x9e, 0x9e, 0x9e, 0x9e, 0x9e, 0x9e, 0x9e, 0x9e, 0x9e, 0x9e, 0x9e, 0x9d, 0x9d,
            0x9d, 0x9d, 0x9d, 0x9d, 0x9d, 0x9d, 0x9d, 0x9d, 0x9d, 0x9d, 0x9d, 0x9d, 0x9d, 0x9d,
            0x9d, 0x9d, 0x9d, 0x9d, 0x9d, 0x9d, 0x9d, 0x9d, 0x9d, 0x9d, 0x9d, 0x9d, 0x9d, 0x9d,
            0x9d, 0x9d, 0x9d, 0x9d, 0x9d, 0x9d, 0x9d, 0x9d, 0x9d, 0x9d, 0x9d, 0x9d, 0x9d, 0x9d,
            0x9d, 0x9d, 0x9d, 0x9d, 0x9d, 0x9d, 0x9d, 0x9d, 0x9d, 0x9d, 0x9d, 0x9d, 0x9d, 0x9d,
            0x9d, 0x9d, 0x9d, 0x9d, 0x9d, 0x9d, 0x9c, 0x9c, 0x9c, 0x9c, 0x9c, 0x9c, 0x9c, 0x9c,
            0x9c, 0x9c, 0x9c, 0x9c, 0x9c, 0x9c, 0x9c, 0x9c, 0x9c, 0x9c, 0x9c, 0x9c, 0x9c, 0x9c,
            0x9c, 0x9c, 0x9c, 0x9c, 0x9c, 0x9c, 0x9c, 0x9c, 0x9c, 0x9c, 0x9c, 0x9c, 0x9c, 0x9c,
            0x9c, 0x9c, 0x9c, 0x9c, 0x9c, 0x9c, 0x9c, 0x9c, 0x9c, 0x9c, 0x9c, 0x9c, 0x9c, 0x9c,
            0x9c, 0x9c, 0x9c, 0x9c, 0x9c, 0x9c, 0x9c, 0x9c, 0x9c, 0x9c, 0x9c, 0x9c, 0x9c, 0x9c,
            0x9b, 0x9b, 0x9b, 0x9b, 0x9b, 0x9b, 0x9b, 0x9b, 0x9b, 0x9b, 0x9b, 0x9b, 0x9b, 0x9b,
            0x9b, 0x9b, 0x9b, 0x9b, 0x9b, 0x9b, 0x9b, 0x9b, 0x9b, 0x9b, 0x9b, 0x9b, 0x9b, 0x9b,
            0x9b, 0x9b, 0x9b, 0x9b, 0x9b, 0x9b, 0x9b, 0x9b, 0x9b, 0x9b, 0x9b, 0x9b, 0x9b, 0x9b,
            0x9b, 0x9b, 0x9b, 0x9b, 0x9b, 0x9b, 0x9b, 0x9b, 0x9b, 0x9b, 0x9b, 0x9b, 0x9b, 0x9b,
            0x9b, 0x9b, 0x9b, 0x9b, 0x9b, 0x9b, 0x9b, 0x9b, 0x9a, 0x9a, 0x9a, 0x9a, 0x9a, 0x9a,
            0x9a, 0x9a, 0x9a, 0x9a, 0x9a, 0x9a, 0x9a, 0x9a, 0x9a, 0x9a, 0x9a, 0x9a, 0x9a, 0x9a,
            0x9a, 0x9a, 0x9a, 0x9a, 0x9a, 0x9a, 0x9a, 0x9a, 0x9a, 0x9a, 0x9a, 0x9a, 0x9a, 0x9a,
            0x9a, 0x9a, 0x9a, 0x9a, 0x9a, 0x9a, 0x9a, 0x9a, 0x9a, 0x9a, 0x9a, 0x9a, 0x9a, 0x9a,
            0x9a, 0x9a, 0x9a, 0x9a, 0x9a, 0x9a, 0x9a, 0x9a, 0x9a, 0x9a, 0x9a, 0x9a, 0x9a, 0x9a,
            0x9a, 0x9a, 0x99, 0x99, 0x99, 0x99, 0x99, 0x99, 0x99, 0x99, 0x99, 0x99, 0x99, 0x99,
            0x99, 0x99, 0x99, 0x99, 0x99, 0x99, 0x99, 0x99, 0x99, 0x99, 0x99, 0x99, 0x99, 0x99,
            0x99, 0x99, 0x99, 0x99, 0x99, 0x99, 0x99, 0x99, 0x99, 0x99, 0x99, 0x99, 0x99, 0x99,
            0x99, 0x99, 0x99, 0x99, 0x99, 0x99, 0x99, 0x99, 0x99, 0x99, 0x99, 0x99, 0x99, 0x99,
            0x99, 0x99, 0x99, 0x99, 0x99, 0x99, 0x99, 0x99, 0x99, 0x99, 0x98, 0x98, 0x98, 0x98,
            0x98, 0x98, 0x98, 0x98, 0x98, 0x98, 0x98, 0x98, 0x98, 0x98, 0x98, 0x98, 0x98, 0x98,
            0x98, 0x98, 0x98, 0x98, 0x98, 0x98, 0x98, 0x98, 0x98, 0x98, 0x98, 0x98, 0x98, 0x98,
            0x98, 0x98, 0x98, 0x98, 0x98, 0x98, 0x98, 0x98, 0x98, 0x98, 0x98, 0x98, 0x98, 0x98,
            0x98, 0x98, 0x98, 0x98, 0x98, 0x98, 0x98, 0x98, 0x98, 0x98, 0x98, 0x98, 0x98, 0x98,
            0x98, 0x98, 0x98, 0x98, 0x97, 0x97, 0x97, 0x97, 0x97, 0x97, 0x97, 0x97, 0x97, 0x97,
            0x97, 0x97, 0x97, 0x97, 0x97, 0x97, 0x97, 0x97, 0x97, 0x97, 0x97, 0x97, 0x97, 0x97,
            0x97, 0x97, 0x97, 0x97, 0x97, 0x97, 0x97, 0x97, 0x97, 0x97, 0x97, 0x97, 0x97, 0x97,
            0x97, 0x97, 0x97, 0x97, 0x97, 0x97, 0x97, 0x97, 0x97, 0x97, 0x97, 0x97, 0x97, 0x97,
            0x97, 0x97, 0x97, 0x97, 0x97, 0x97, 0x97, 0x97, 0x97, 0x97, 0x97, 0x97, 0x96, 0x96,
            0x96, 0x96, 0x96, 0x96, 0x96, 0x96, 0x96, 0x96, 0x96, 0x96, 0x96, 0x96, 0x96, 0x96,
            0x96, 0x96, 0x96, 0x96, 0x96, 0x96, 0x96, 0x96, 0x96, 0x96, 0x96, 0x96, 0x96, 0x96,
            0x96, 0x96, 0x96, 0x96, 0x96, 0x96, 0x96, 0x96, 0x96, 0x96, 0x96, 0x96, 0x96, 0x96,
            0x96, 0x96, 0x96, 0x96, 0x96, 0x96, 0x96, 0x96, 0x96, 0x96, 0x96, 0x96, 0x96, 0x96,
            0x96, 0x96, 0x96, 0x96, 0x96, 0x96, 0x95, 0x95, 0x95, 0x95, 0x95, 0x95, 0x95, 0x95,
            0x95, 0x95, 0x95, 0x95, 0x95, 0x95, 0x95, 0x95, 0x95, 0x95, 0x95, 0x95, 0x95, 0x95,
            0x95, 0x95, 0x95, 0x95, 0x95, 0x95, 0x95, 0x95, 0x95, 0x95, 0x95, 0x95, 0x95, 0x95,
            0x95, 0x95, 0x95, 0x95, 0x95, 0x95, 0x95, 0x95, 0x95, 0x95, 0x95, 0x95, 0x95, 0x95,
            0x95, 0x95, 0x95, 0x95, 0x95, 0x95, 0x95, 0x95, 0x95, 0x95, 0x95, 0x95, 0x95, 0x95,
            0x94, 0x94, 0x94, 0x94, 0x94, 0x94, 0x94, 0x94, 0x94, 0x94, 0x94, 0x94, 0x94, 0x94,
            0x94, 0x94, 0x94, 0x94, 0x94, 0x94, 0x94, 0x94, 0x94, 0x94, 0x94, 0x94, 0x94, 0x94,
            0x94, 0x94, 0x94, 0x94, 0x94, 0x94, 0x94, 0x94, 0x94, 0x94, 0x94, 0x94, 0x94, 0x94,
            0x94, 0x94, 0x94, 0x94, 0x94, 0x94, 0x94, 0x94, 0x94, 0x94, 0x94, 0x94, 0x94, 0x94,
            0x94, 0x94, 0x94, 0x94, 0x94, 0x94, 0x94, 0x94, 0x93, 0x93, 0x93, 0x93, 0x93, 0x93,
            0x93, 0x93, 0x93, 0x93, 0x93, 0x93, 0x93, 0x93, 0x93, 0x93, 0x93, 0x93, 0x93, 0x93,
            0x93, 0x93, 0x93, 0x93, 0x93, 0x93, 0x93, 0x93, 0x93, 0x93, 0x93, 0x93, 0x93, 0x93,
            0x93, 0x93, 0x93, 0x93, 0x93, 0x93, 0x93, 0x93, 0x93, 0x93, 0x93, 0x93, 0x93, 0x93,
            0x93, 0x93, 0x93, 0x93, 0x93, 0x93, 0x93, 0x93, 0x93, 0x93, 0x93, 0x93, 0x93, 0x93,
            0x93, 0x93, 0x92, 0x92, 0x92, 0x92, 0x92, 0x92, 0x92, 0x92, 0x92, 0x92, 0x92, 0x92,
            0x92, 0x92, 0x92, 0x92, 0x92, 0x92, 0x92, 0x92, 0x92, 0x92, 0x92, 0x92, 0x92, 0x92,
            0x92, 0x92, 0x92, 0x92, 0x92, 0x92, 0x92, 0x92, 0x92, 0x92, 0x92, 0x92, 0x92, 0x92,
            0x92, 0x92, 0x92, 0x92, 0x92, 0x92, 0x92, 0x92, 0x92, 0x92, 0x92, 0x92, 0x92, 0x92,
            0x92, 0x92, 0x92, 0x92, 0x92, 0x92, 0x92, 0x92, 0x92, 0x92, 0x91, 0x91, 0x91, 0x91,
            0x91, 0x91, 0x91, 0x91, 0x91, 0x91, 0x91, 0x91, 0x91, 0x91, 0x91, 0x91, 0x91, 0x91,
            0x91, 0x91, 0x91, 0x91, 0x91, 0x91, 0x91, 0x91, 0x91, 0x91, 0x91, 0x91, 0x91, 0x91,
            0x91, 0x91, 0x91, 0x91, 0x91, 0x91, 0x91, 0x91, 0x91, 0x91, 0x91, 0x91, 0x91, 0x91,
            0x91, 0x91, 0x91, 0x91, 0x91, 0x91, 0x91, 0x91, 0x91, 0x91, 0x91, 0x91, 0x91, 0x91,
            0x91, 0x91, 0x91, 0x91, 0x90, 0x90, 0x90, 0x90, 0x90, 0x90, 0x90, 0x90, 0x90, 0x90,
            0x90, 0x90, 0x90, 0x90, 0x90, 0x90, 0x90, 0x90, 0x90, 0x90, 0x90, 0x90, 0x90, 0x90,
            0x90, 0x90, 0x90, 0x90, 0x90, 0x90, 0x90, 0x90, 0x90, 0x90, 0x90, 0x90, 0x90, 0x90,
            0x90, 0x90, 0x90, 0x90, 0x90, 0x90, 0x90, 0x90, 0x90, 0x90, 0x90, 0x90, 0x90, 0x90,
            0x90, 0x90, 0x90, 0x90, 0x90, 0x90, 0x90, 0x90, 0x90, 0x90, 0x90, 0x90, 0x8f, 0x8f,
            0x8f, 0x8f, 0x8f, 0x8f, 0x8f, 0x8f, 0x8f, 0x8f, 0x8f, 0x8f, 0x8f, 0x8f, 0x8f, 0x8f,
            0x8f, 0x8f, 0x8f, 0x8f, 0x8f, 0x8f, 0x8f, 0x8f, 0x8f, 0x8f, 0x8f, 0x8f, 0x8f, 0x8f,
            0x8f, 0x8f, 0x8f, 0x8f, 0x8f, 0x8f, 0x8f, 0x8f, 0x8f, 0x8f, 0x8f, 0x8f, 0x8f, 0x8f,
            0x8f, 0x8f, 0x8f, 0x8f, 0x8f, 0x8f, 0x8f, 0x8f, 0x8f, 0x8f, 0x8f, 0x8f, 0x8f, 0x8f,
            0x8f, 0x8f, 0x8f, 0x8f, 0x8f, 0x8f, 0x8f, 0x8f, 0x8f, 0x8f, 0x8f, 0x8f, 0x8f, 0x8f,
            0x8f, 0x8f, 0x8f, 0x8f, 0x8f, 0x8f, 0x8f, 0x8f, 0x8f, 0x8f, 0x8f, 0x8f, 0x8f, 0x8f,
            0x8f, 0x8f, 0x8f, 0x8f, 0x8f, 0x8f, 0x8f, 0x8f, 0x8f, 0x8f, 0x8f, 0x8f, 0x8f, 0x8f,
            0x8f, 0x8f, 0x8f, 0x8f, 0x8f, 0x8f, 0x8f, 0x8f, 0x8f, 0x8f, 0x8f, 0x8f, 0x8f, 0x8f,
            0x8f, 0x8f, 0x8f, 0x8f, 0x8f, 0x8f, 0x8f, 0x8f, 0x8f, 0x8f, 0x8f, 0x8f, 0x8f, 0x8f,
            0x8e, 0x8e, 0x8e, 0x8e, 0x8e, 0x8e, 0x8e, 0x8e, 0x8e, 0x8e, 0x8e, 0x8e, 0x8e, 0x8e,
            0x8e, 0x8e, 0x8e, 0x8e, 0x8e, 0x8e, 0x8e, 0x8e, 0x8e, 0x8e, 0x8e, 0x8e, 0x8e, 0x8e,
            0x8e, 0x8e, 0x8e, 0x8e, 0x8e, 0x8e, 0x8e, 0x8e, 0x8e, 0x8e, 0x8e, 0x8e, 0x8e, 0x8e,
            0x8e, 0x8e, 0x8e, 0x8e, 0x8e, 0x8e, 0x8e, 0x8e, 0x8e, 0x8e, 0x8e, 0x8e, 0x8e, 0x8e,
            0x8e, 0x8e, 0x8e, 0x8e, 0x8e, 0x8e, 0x8e, 0x8e, 0x8e, 0x8e, 0x8e, 0x8e, 0x8e, 0x8e,
            0x8e, 0x8e, 0x8e, 0x8e, 0x8e, 0x8e, 0x8e, 0x8e, 0x8e, 0x8e, 0x8e, 0x8e, 0x8e, 0x8e,
            0x8e, 0x8e, 0x8e, 0x8e, 0x8e, 0x8e, 0x8e, 0x8e, 0x8e, 0x8e, 0x8e, 0x8e, 0x8e, 0x8e,
            0x8e, 0x8e, 0x8e, 0x8e, 0x8e, 0x8e, 0x8e, 0x8e, 0x8e, 0x8e, 0x8e, 0x8e, 0x8e, 0x8e,
            0x8e, 0x8e, 0x8e, 0x8e, 0x8e, 0x8e, 0x8e, 0x8e, 0x8e, 0x8e, 0x8e, 0x8e, 0x8e, 0x8e,
            0x8e, 0x8e, 0x8d, 0x8d, 0x8d, 0x8d, 0x8d, 0x8d, 0x8d, 0x8d, 0x8d, 0x8d, 0x8d, 0x8d,
            0x8d, 0x8d, 0x8d, 0x8d, 0x8d, 0x8d, 0x8d, 0x8d, 0x8d, 0x8d, 0x8d, 0x8d, 0x8d, 0x8d,
            0x8d, 0x8d, 0x8d, 0x8d, 0x8d, 0x8d, 0x8d, 0x8d, 0x8d, 0x8d, 0x8d, 0x8d, 0x8d, 0x8d,
            0x8d, 0x8d, 0x8d, 0x8d, 0x8d, 0x8d, 0x8d, 0x8d, 0x8d, 0x8d, 0x8d, 0x8d, 0x8d, 0x8d,
            0x8d, 0x8d, 0x8d, 0x8d, 0x8d, 0x8d, 0x8d, 0x8d, 0x8d, 0x8d, 0x8d, 0x8d, 0x8d, 0x8d,
            0x8d, 0x8d, 0x8d, 0x8d, 0x8d, 0x8d, 0x8d, 0x8d, 0x8d, 0x8d, 0x8d, 0x8d, 0x8d, 0x8d,
            0x8d, 0x8d, 0x8d, 0x8d, 0x8d, 0x8d, 0x8d, 0x8d, 0x8d, 0x8d, 0x8d, 0x8d, 0x8d, 0x8d,
            0x8d, 0x8d, 0x8d, 0x8d, 0x8d, 0x8d, 0x8d, 0x8d, 0x8d, 0x8d, 0x8d, 0x8d, 0x8d, 0x8d,
            0x8d, 0x8d, 0x8d, 0x8d, 0x8d, 0x8d, 0x8d, 0x8d, 0x8d, 0x8d, 0x8d, 0x8d, 0x8d, 0x8d,
            0x8d, 0x8d, 0x8d, 0x8d, 0x8c, 0x8c, 0x8c, 0x8c, 0x8c, 0x8c, 0x8c, 0x8c, 0x8c, 0x8c,
            0x8c, 0x8c, 0x8c, 0x8c, 0x8c, 0x8c, 0x8c, 0x8c, 0x8c, 0x8c, 0x8c, 0x8c, 0x8c, 0x8c,
            0x8c, 0x8c, 0x8c, 0x8c, 0x8c, 0x8c, 0x8c, 0x8c, 0x8c, 0x8c, 0x8c, 0x8c, 0x8c, 0x8c,
            0x8c, 0x8c, 0x8c, 0x8c, 0x8c, 0x8c, 0x8c, 0x8c, 0x8c, 0x8c, 0x8c, 0x8c, 0x8c, 0x8c,
            0x8c, 0x8c, 0x8c, 0x8c, 0x8c, 0x8c, 0x8c, 0x8c, 0x8c, 0x8c, 0x8c, 0x8c, 0x8c, 0x8c,
            0x8c, 0x8c, 0x8c, 0x8c, 0x8c, 0x8c, 0x8c, 0x8c, 0x8c, 0x8c, 0x8c, 0x8c, 0x8c, 0x8c,
            0x8c, 0x8c, 0x8c, 0x8c, 0x8c, 0x8c, 0x8c, 0x8c, 0x8c, 0x8c, 0x8c, 0x8c, 0x8c, 0x8c,
            0x8c, 0x8c, 0x8c, 0x8c, 0x8c, 0x8c, 0x8c, 0x8c, 0x8c, 0x8c, 0x8c, 0x8c, 0x8c, 0x8c,
            0x8c, 0x8c, 0x8c, 0x8c, 0x8c, 0x8c, 0x8c, 0x8c, 0x8c, 0x8c, 0x8c, 0x8c, 0x8c, 0x8c,
            0x8c, 0x8c, 0x8c, 0x8c, 0x8c, 0x8c, 0x8b, 0x8b, 0x8b, 0x8b, 0x8b, 0x8b, 0x8b, 0x8b,
            0x8b, 0x8b, 0x8b, 0x8b, 0x8b, 0x8b, 0x8b, 0x8b, 0x8b, 0x8b, 0x8b, 0x8b, 0x8b, 0x8b,
            0x8b, 0x8b, 0x8b, 0x8b, 0x8b, 0x8b, 0x8b, 0x8b, 0x8b, 0x8b, 0x8b, 0x8b, 0x8b, 0x8b,
            0x8b, 0x8b, 0x8b, 0x8b, 0x8b, 0x8b, 0x8b, 0x8b, 0x8b, 0x8b, 0x8b, 0x8b, 0x8b, 0x8b,
            0x8b, 0x8b, 0x8b, 0x8b, 0x8b, 0x8b, 0x8b, 0x8b, 0x8b, 0x8b, 0x8b, 0x8b, 0x8b, 0x8b,
            0x8b, 0x8b, 0x8b, 0x8b, 0x8b, 0x8b, 0x8b, 0x8b, 0x8b, 0x8b, 0x8b, 0x8b, 0x8b, 0x8b,
            0x8b, 0x8b, 0x8b, 0x8b, 0x8b, 0x8b, 0x8b, 0x8b, 0x8b, 0x8b, 0x8b, 0x8b, 0x8b, 0x8b,
            0x8b, 0x8b, 0x8b, 0x8b, 0x8b, 0x8b, 0x8b, 0x8b, 0x8b, 0x8b, 0x8b, 0x8b, 0x8b, 0x8b,
            0x8b, 0x8b, 0x8b, 0x8b, 0x8b, 0x8b, 0x8b, 0x8b, 0x8b, 0x8b, 0x8b, 0x8b, 0x8b, 0x8b,
            0x8b, 0x8b, 0x8b, 0x8b, 0x8b, 0x8b, 0x8b, 0x8b, 0x8a, 0x8a, 0x8a, 0x8a, 0x8a, 0x8a,
            0x8a, 0x8a, 0x8a, 0x8a, 0x8a, 0x8a, 0x8a, 0x8a, 0x8a, 0x8a, 0x8a, 0x8a, 0x8a, 0x8a,
            0x8a, 0x8a, 0x8a, 0x8a, 0x8a, 0x8a, 0x8a, 0x8a, 0x8a, 0x8a, 0x8a, 0x8a, 0x8a, 0x8a,
            0x8a, 0x8a, 0x8a, 0x8a, 0x8a, 0x8a, 0x8a, 0x8a, 0x8a, 0x8a, 0x8a, 0x8a, 0x8a, 0x8a,
            0x8a, 0x8a, 0x8a, 0x8a, 0x8a, 0x8a, 0x8a, 0x8a, 0x8a, 0x8a, 0x8a, 0x8a, 0x8a, 0x8a,
            0x8a, 0x8a, 0x8a, 0x8a, 0x8a, 0x8a, 0x8a, 0x8a, 0x8a, 0x8a, 0x8a, 0x8a, 0x8a, 0x8a,
            0x8a, 0x8a, 0x8a, 0x8a, 0x8a, 0x8a, 0x8a, 0x8a, 0x8a, 0x8a, 0x8a, 0x8a, 0x8a, 0x8a,
            0x8a, 0x8a, 0x8a, 0x8a, 0x8a, 0x8a, 0x8a, 0x8a, 0x8a, 0x8a, 0x8a, 0x8a, 0x8a, 0x8a,
            0x8a, 0x8a, 0x8a, 0x8a, 0x8a, 0x8a, 0x8a, 0x8a, 0x8a, 0x8a, 0x8a, 0x8a, 0x8a, 0x8a,
            0x8a, 0x8a, 0x8a, 0x8a, 0x8a, 0x8a, 0x8a, 0x8a, 0x8a, 0x8a, 0x89, 0x89, 0x89, 0x89,
            0x89, 0x89, 0x89, 0x89, 0x89, 0x89, 0x89, 0x89, 0x89, 0x89, 0x89, 0x89, 0x89, 0x89,
            0x89, 0x89, 0x89, 0x89, 0x89, 0x89, 0x89, 0x89, 0x89, 0x89, 0x89, 0x89, 0x89, 0x89,
            0x89, 0x89, 0x89, 0x89, 0x89, 0x89, 0x89, 0x89, 0x89, 0x89, 0x89, 0x89, 0x89, 0x89,
            0x89, 0x89, 0x89, 0x89, 0x89, 0x89, 0x89, 0x89, 0x89, 0x89, 0x89, 0x89, 0x89, 0x89,
            0x89, 0x89, 0x89, 0x89, 0x89, 0x89, 0x89, 0x89, 0x89, 0x89, 0x89, 0x89, 0x89, 0x89,
            0x89, 0x89, 0x89, 0x89, 0x89, 0x89, 0x89, 0x89, 0x89, 0x89, 0x89, 0x89, 0x89, 0x89,
            0x89, 0x89, 0x89, 0x89, 0x89, 0x89, 0x89, 0x89, 0x89, 0x89, 0x89, 0x89, 0x89, 0x89,
            0x89, 0x89, 0x89, 0x89, 0x89, 0x89, 0x89, 0x89, 0x89, 0x89, 0x89, 0x89, 0x89, 0x89,
            0x89, 0x89, 0x89, 0x89, 0x89, 0x89, 0x89, 0x89, 0x89, 0x89, 0x89, 0x89, 0x88, 0x88,
            0x88, 0x88, 0x88, 0x88, 0x88, 0x88, 0x88, 0x88, 0x88, 0x88, 0x88, 0x88, 0x88, 0x88,
            0x88, 0x88, 0x88, 0x88, 0x88, 0x88, 0x88, 0x88, 0x88, 0x88, 0x88, 0x88, 0x88, 0x88,
            0x88, 0x88, 0x88, 0x88, 0x88, 0x88, 0x88, 0x88, 0x88, 0x88, 0x88, 0x88, 0x88, 0x88,
            0x88, 0x88, 0x88, 0x88, 0x88, 0x88, 0x88, 0x88, 0x88, 0x88, 0x88, 0x88, 0x88, 0x88,
            0x88, 0x88, 0x88, 0x88, 0x88, 0x88, 0x88, 0x88, 0x88, 0x88, 0x88, 0x88, 0x88, 0x88,
            0x88, 0x88, 0x88, 0x88, 0x88, 0x88, 0x88, 0x88, 0x88, 0x88, 0x88, 0x88, 0x88, 0x88,
            0x88, 0x88, 0x88, 0x88, 0x88, 0x88, 0x88, 0x88, 0x88, 0x88, 0x88, 0x88, 0x88, 0x88,
            0x88, 0x88, 0x88, 0x88, 0x88, 0x88, 0x88, 0x88, 0x88, 0x88, 0x88, 0x88, 0x88, 0x88,
            0x88, 0x88, 0x88, 0x88, 0x88, 0x88, 0x88, 0x88, 0x88, 0x88, 0x88, 0x88, 0x88, 0x88,
            0x87, 0x87, 0x87, 0x87, 0x87, 0x87, 0x87, 0x87, 0x87, 0x87, 0x87, 0x87, 0x87, 0x87,
            0x87, 0x87, 0x87, 0x87, 0x87, 0x87, 0x87, 0x87, 0x87, 0x87, 0x87, 0x87, 0x87, 0x87,
            0x87, 0x87, 0x87, 0x87, 0x87, 0x87, 0x87, 0x87, 0x87, 0x87, 0x87, 0x87, 0x87, 0x87,
            0x87, 0x87, 0x87, 0x87, 0x87, 0x87, 0x87, 0x87, 0x87, 0x87, 0x87, 0x87, 0x87, 0x87,
            0x87, 0x87, 0x87, 0x87, 0x87, 0x87, 0x87, 0x87, 0x87, 0x87, 0x87, 0x87, 0x87, 0x87,
            0x87, 0x87, 0x87, 0x87, 0x87, 0x87, 0x87, 0x87, 0x87, 0x87, 0x87, 0x87, 0x87, 0x87,
            0x87, 0x87, 0x87, 0x87, 0x87, 0x87, 0x87, 0x87, 0x87, 0x87, 0x87, 0x87, 0x87, 0x87,
            0x87, 0x87, 0x87, 0x87, 0x87, 0x87, 0x87, 0x87, 0x87, 0x87, 0x87, 0x87, 0x87, 0x87,
            0x87, 0x87, 0x87, 0x87, 0x87, 0x87, 0x87, 0x87, 0x87, 0x87, 0x87, 0x87, 0x87, 0x87,
            0x87, 0x87, 0x86, 0x86, 0x86, 0x86, 0x86, 0x86, 0x86, 0x86, 0x86, 0x86, 0x86, 0x86,
            0x86, 0x86, 0x86, 0x86, 0x86, 0x86, 0x86, 0x86, 0x86, 0x86, 0x86, 0x86, 0x86, 0x86,
            0x86, 0x86, 0x86, 0x86, 0x86, 0x86, 0x86, 0x86, 0x86, 0x86, 0x86, 0x86, 0x86, 0x86,
            0x86, 0x86, 0x86, 0x86, 0x86, 0x86, 0x86, 0x86, 0x86, 0x86, 0x86, 0x86, 0x86, 0x86,
            0x86, 0x86, 0x86, 0x86, 0x86, 0x86, 0x86, 0x86, 0x86, 0x86, 0x86, 0x86, 0x86, 0x86,
            0x86, 0x86, 0x86, 0x86, 0x86, 0x86, 0x86, 0x86, 0x86, 0x86, 0x86, 0x86, 0x86, 0x86,
            0x86, 0x86, 0x86, 0x86, 0x86, 0x86, 0x86, 0x86, 0x86, 0x86, 0x86, 0x86, 0x86, 0x86,
            0x86, 0x86, 0x86, 0x86, 0x86, 0x86, 0x86, 0x86, 0x86, 0x86, 0x86, 0x86, 0x86, 0x86,
            0x86, 0x86, 0x86, 0x86, 0x86, 0x86, 0x86, 0x86, 0x86, 0x86, 0x86, 0x86, 0x86, 0x86,
            0x86, 0x86, 0x86, 0x86, 0x85, 0x85, 0x85, 0x85, 0x85, 0x85, 0x85, 0x85, 0x85, 0x85,
            0x85, 0x85, 0x85, 0x85, 0x85, 0x85, 0x85, 0x85, 0x85, 0x85, 0x85, 0x85, 0x85, 0x85,
            0x85, 0x85, 0x85, 0x85, 0x85, 0x85, 0x85, 0x85, 0x85, 0x85, 0x85, 0x85, 0x85, 0x85,
            0x85, 0x85, 0x85, 0x85, 0x85, 0x85, 0x85, 0x85, 0x85, 0x85, 0x85, 0x85, 0x85, 0x85,
            0x85, 0x85, 0x85, 0x85, 0x85, 0x85, 0x85, 0x85, 0x85, 0x85, 0x85, 0x85, 0x85, 0x85,
            0x85, 0x85, 0x85, 0x85, 0x85, 0x85, 0x85, 0x85, 0x85, 0x85, 0x85, 0x85, 0x85, 0x85,
            0x85, 0x85, 0x85, 0x85, 0x85, 0x85, 0x85, 0x85, 0x85, 0x85, 0x85, 0x85, 0x85, 0x85,
            0x85, 0x85, 0x85, 0x85, 0x85, 0x85, 0x85, 0x85, 0x85, 0x85, 0x85, 0x85, 0x85, 0x85,
            0x85, 0x85, 0x85, 0x85, 0x85, 0x85, 0x85, 0x85, 0x85, 0x85, 0x85, 0x85, 0x85, 0x85,
            0x85, 0x85, 0x85, 0x85, 0x85, 0x85, 0x84, 0x84, 0x84, 0x84, 0x84, 0x84, 0x84, 0x84,
            0x84, 0x84, 0x84, 0x84, 0x84, 0x84, 0x84, 0x84, 0x84, 0x84, 0x84, 0x84, 0x84, 0x84,
            0x84, 0x84, 0x84, 0x84, 0x84, 0x84, 0x84, 0x84, 0x84, 0x84, 0x84, 0x84, 0x84, 0x84,
            0x84, 0x84, 0x84, 0x84, 0x84, 0x84, 0x84, 0x84, 0x84, 0x84, 0x84, 0x84, 0x84, 0x84,
            0x84, 0x84, 0x84, 0x84, 0x84, 0x84, 0x84, 0x84, 0x84, 0x84, 0x84, 0x84, 0x84, 0x84,
            0x84, 0x84, 0x84, 0x84, 0x84, 0x84, 0x84, 0x84, 0x84, 0x84, 0x84, 0x84, 0x84, 0x84,
            0x84, 0x84, 0x84, 0x84, 0x84, 0x84, 0x84, 0x84, 0x84, 0x84, 0x84, 0x84, 0x84, 0x84,
            0x84, 0x84, 0x84, 0x84, 0x84, 0x84, 0x84, 0x84, 0x84, 0x84, 0x84, 0x84, 0x84, 0x84,
            0x84, 0x84, 0x84, 0x84, 0x84, 0x84, 0x84, 0x84, 0x84, 0x84, 0x84, 0x84, 0x84, 0x84,
            0x84, 0x84, 0x84, 0x84, 0x84, 0x84, 0x84, 0x84, 0x83, 0x83, 0x83, 0x83, 0x83, 0x83,
            0x83, 0x83, 0x83, 0x83, 0x83, 0x83, 0x83, 0x83, 0x83, 0x83, 0x83, 0x83, 0x83, 0x83,
            0x83, 0x83, 0x83, 0x83, 0x83, 0x83, 0x83, 0x83, 0x83, 0x83, 0x83, 0x83, 0x83, 0x83,
            0x83, 0x83, 0x83, 0x83, 0x83, 0x83, 0x83, 0x83, 0x83, 0x83, 0x83, 0x83, 0x83, 0x83,
            0x83, 0x83, 0x83, 0x83, 0x83, 0x83, 0x83, 0x83, 0x83, 0x83, 0x83, 0x83, 0x83, 0x83,
            0x83, 0x83, 0x83, 0x83, 0x83, 0x83, 0x83, 0x83, 0x83, 0x83, 0x83, 0x83, 0x83, 0x83,
            0x83, 0x83, 0x83, 0x83, 0x83, 0x83, 0x83, 0x83, 0x83, 0x83, 0x83, 0x83, 0x83, 0x83,
            0x83, 0x83, 0x83, 0x83, 0x83, 0x83, 0x83, 0x83, 0x83, 0x83, 0x83, 0x83, 0x83, 0x83,
            0x83, 0x83, 0x83, 0x83, 0x83, 0x83, 0x83, 0x83, 0x83, 0x83, 0x83, 0x83, 0x83, 0x83,
            0x83, 0x83, 0x83, 0x83, 0x83, 0x83, 0x83, 0x83, 0x83, 0x83, 0x82, 0x82, 0x82, 0x82,
            0x82, 0x82, 0x82, 0x82, 0x82, 0x82, 0x82, 0x82, 0x82, 0x82, 0x82, 0x82, 0x82, 0x82,
            0x82, 0x82, 0x82, 0x82, 0x82, 0x82, 0x82, 0x82, 0x82, 0x82, 0x82, 0x82, 0x82, 0x82,
            0x82, 0x82, 0x82, 0x82, 0x82, 0x82, 0x82, 0x82, 0x82, 0x82, 0x82, 0x82, 0x82, 0x82,
            0x82, 0x82, 0x82, 0x82, 0x82, 0x82, 0x82, 0x82, 0x82, 0x82, 0x82, 0x82, 0x82, 0x82,
            0x82, 0x82, 0x82, 0x82, 0x82, 0x82, 0x82, 0x82, 0x82, 0x82, 0x82, 0x82, 0x82, 0x82,
            0x82, 0x82, 0x82, 0x82, 0x82, 0x82, 0x82, 0x82, 0x82, 0x82, 0x82, 0x82, 0x82, 0x82,
            0x82, 0x82, 0x82, 0x82, 0x82, 0x82, 0x82, 0x82, 0x82, 0x82, 0x82, 0x82, 0x82, 0x82,
            0x82, 0x82, 0x82, 0x82, 0x82, 0x82, 0x82, 0x82, 0x82, 0x82, 0x82, 0x82, 0x82, 0x82,
            0x82, 0x82, 0x82, 0x82, 0x82, 0x82, 0x82, 0x82, 0x82, 0x82, 0x82, 0x82, 0x81, 0x81,
            0x81, 0x81, 0x81, 0x81, 0x81, 0x81, 0x81, 0x81, 0x81, 0x81, 0x81, 0x81, 0x81, 0x81,
            0x81, 0x81, 0x81, 0x81, 0x81, 0x81, 0x81, 0x81, 0x81, 0x81, 0x81, 0x81, 0x81, 0x81,
            0x81, 0x81, 0x81, 0x81, 0x81, 0x81, 0x81, 0x81, 0x81, 0x81, 0x81, 0x81, 0x81, 0x81,
            0x81, 0x81, 0x81, 0x81, 0x81, 0x81, 0x81, 0x81, 0x81, 0x81, 0x81, 0x81, 0x81, 0x81,
            0x81, 0x81, 0x81, 0x81, 0x81, 0x81, 0x81, 0x81, 0x81, 0x81, 0x81, 0x81, 0x81, 0x81,
            0x81, 0x81, 0x81, 0x81, 0x81, 0x81, 0x81, 0x81, 0x81, 0x81, 0x81, 0x81, 0x81, 0x81,
            0x81, 0x81, 0x81, 0x81, 0x81, 0x81, 0x81, 0x81, 0x81, 0x81, 0x81, 0x81, 0x81, 0x81,
            0x81, 0x81, 0x81, 0x81, 0x81, 0x81, 0x81, 0x81, 0x81, 0x81, 0x81, 0x81, 0x81, 0x81,
            0x81, 0x81, 0x81, 0x81, 0x81, 0x81, 0x81, 0x81, 0x81, 0x81, 0x81, 0x81, 0x81, 0x81,
            0x80, 0x80, 0x80, 0x80, 0x80, 0x80, 0x80, 0x80, 0x80, 0x80, 0x80, 0x80, 0x80, 0x80,
            0x80, 0x80, 0x80, 0x80, 0x80, 0x80, 0x80, 0x80, 0x80, 0x80, 0x80, 0x80, 0x80, 0x80,
            0x80, 0x80, 0x80, 0x80, 0x80, 0x80, 0x80, 0x80, 0x80, 0x80, 0x80, 0x80, 0x80, 0x80,
            0x80, 0x80, 0x80, 0x80, 0x80, 0x80, 0x80, 0x80, 0x80, 0x80, 0x80, 0x80, 0x80, 0x80,
            0x80, 0x80, 0x80, 0x80, 0x80, 0x80, 0x80, 0x80, 0x80, 0x80, 0x80, 0x80, 0x80, 0x80,
            0x80, 0x80, 0x80, 0x80, 0x80, 0x80, 0x80, 0x80, 0x80, 0x80, 0x80, 0x80, 0x80, 0x80,
            0x80, 0x80, 0x80, 0x80, 0x80, 0x80, 0x80, 0x80, 0x80, 0x80, 0x80, 0x80, 0x80, 0x80,
            0x80, 0x80, 0x80, 0x80, 0x80, 0x80, 0x80, 0x80, 0x80, 0x80, 0x80, 0x80, 0x80, 0x80,
            0x80, 0x80, 0x80, 0x80, 0x80, 0x80, 0x80, 0x80, 0x80, 0x80, 0x80, 0x80, 0x80, 0x80,
            0x80, 0x80, 0x80, 0x80, 0x80, 0x80, 0x80, 0x80, 0x80, 0x80, 0x80, 0x80, 0x80, 0x80,
            0x80, 0x80, 0x80, 0x80, 0x80,
        ],
    ),
    (
        0x98d56,
        &[
            0xff, 0x7f, 0xfd, 0x7f, 0xf7, 0x7f, 0xee, 0x7f, 0xe1, 0x7f, 0xd1, 0x7f, 0xbd, 0x7f,
            0xa6, 0x7f, 0x8c, 0x7f, 0x6e, 0x7f, 0x4c, 0x7f, 0x27, 0x7f, 0xff, 0x7e, 0xd4, 0x7e,
            0xa6, 0x7e, 0x74, 0x7e, 0x40, 0x7e, 0x08, 0x7e, 0xcd, 0x7d, 0x90, 0x7d, 0x4f, 0x7d,
            0x0c, 0x7d, 0xc5, 0x7c, 0x7c, 0x7c, 0x30, 0x7c, 0xe2, 0x7b, 0x90, 0x7b, 0x3c, 0x7b,
            0xe6, 0x7a, 0x8d, 0x7a, 0x31, 0x7a, 0xd3, 0x79, 0x73, 0x79, 0x10, 0x79, 0xab, 0x78,
            0x44, 0x78, 0xda, 0x77, 0x6f, 0x77, 0x01, 0x77, 0x91, 0x76, 0x1f, 0x76, 0xab, 0x75,
            0x35, 0x75, 0xbd, 0x74, 0x43, 0x74, 0xc8, 0x73, 0x4a, 0x73, 0xcb, 0x72, 0x4a, 0x72,
            0xc8, 0x71, 0x44, 0x71, 0xbe, 0x70, 0x37, 0x70, 0xae, 0x6f, 0x24, 0x6f, 0x98, 0x6e,
            0x0b, 0x6e, 0x7d, 0x6d, 0xed, 0x6c, 0x5c, 0x6c, 0xca, 0x6b, 0x37, 0x6b, 0xa2, 0x6a,
            0x0d, 0x6a, 0x76, 0x69, 0xdf, 0x68, 0x46, 0x68, 0xad, 0x67, 0x12, 0x67, 0x77, 0x66,
            0xdb, 0x65, 0x3e, 0x65, 0xa0, 0x64, 0x02, 0x64, 0x63, 0x63, 0xc3, 0x62, 0x23, 0x62,
            0x82, 0x61, 0xe0, 0x60, 0x3e, 0x60, 0x9c, 0x5f, 0xf9, 0x5e, 0x55, 0x5e, 0xb1, 0x5d,
            0x0d, 0x5d, 0x69, 0x5c, 0xc4, 0x5b, 0x1f, 0x5b, 0x79, 0x5a, 0xd4, 0x59, 0x2e, 0x59,
            0x88, 0x58, 0xe2, 0x57, 0x3c, 0x57, 0x95, 0x56, 0xef, 0x55, 0x49, 0x55, 0xa2, 0x54,
            0xfc, 0x53, 0x55, 0x53, 0xaf, 0x52, 0x09, 0x52, 0x63, 0x51, 0xbd, 0x50, 0x17, 0x50,
            0x72, 0x4f, 0xcc, 0x4e, 0x27, 0x4e, 0x82, 0x4d, 0xdd, 0x4c, 0x39, 0x4c, 0x95, 0x4b,
            0xf1, 0x4a, 0x4e, 0x4a, 0xab, 0x49, 0x08, 0x49, 0x66, 0x48, 0xc4, 0x47, 0x23, 0x47,
            0x82, 0x46, 0xe2, 0x45, 0x42, 0x45, 0xa2, 0x44, 0x03, 0x44, 0x65, 0x43, 0xc7, 0x42,
            0x2a, 0x42, 0x8d, 0x41, 0xf1, 0x40, 0x55, 0x40, 0xba, 0x3f, 0x20, 0x3f, 0x86, 0x3e,
            0xed, 0x3d, 0x55, 0x3d, 0xbd, 0x3c, 0x26, 0x3c, 0x90, 0x3b, 0xfa, 0x3a, 0x66, 0x3a,
            0xd1, 0x39, 0x3e, 0x39, 0xab, 0x38, 0x19, 0x38, 0x88, 0x37, 0xf8, 0x36, 0x68, 0x36,
            0xda, 0x35, 0x4c, 0x35, 0xbe, 0x34, 0x32, 0x34, 0xa6, 0x33, 0x1c, 0x33, 0x92, 0x32,
            0x08, 0x32, 0x80, 0x31, 0xf9, 0x30, 0x72, 0x30, 0xec, 0x2f, 0x68, 0x2f, 0xe4, 0x2e,
            0x60, 0x2e, 0xde, 0x2d, 0x5d, 0x2d, 0xdc, 0x2c, 0x5d, 0x2c, 0xde, 0x2b, 0x60, 0x2b,
            0xe3, 0x2a, 0x67, 0x2a, 0xec, 0x29, 0x71, 0x29, 0xf8, 0x28, 0x7f, 0x28, 0x08, 0x28,
            0x91, 0x27, 0x1b, 0x27, 0xa6, 0x26, 0x32, 0x26, 0xbf, 0x25, 0x4d, 0x25, 0xdc, 0x24,
            0x6c, 0x24, 0xfc, 0x23, 0x8e, 0x23, 0x20, 0x23, 0xb3, 0x22, 0x47, 0x22, 0xdc, 0x21,
            0x72, 0x21, 0x09, 0x21, 0xa1, 0x20, 0x3a, 0x20, 0xd3, 0x1f, 0x6e, 0x1f, 0x09, 0x1f,
            0xa5, 0x1e, 0x42, 0x1e, 0xe0, 0x1d, 0x7f, 0x1d, 0x1f, 0x1d, 0xc0, 0x1c, 0x61, 0x1c,
            0x04, 0x1c, 0xa7, 0x1b, 0x4b, 0x1b, 0xf0, 0x1a, 0x96, 0x1a, 0x3d, 0x1a, 0xe5, 0x19,
            0x8d, 0x19, 0x37, 0x19, 0xe1, 0x18, 0x8c, 0x18, 0x38, 0x18, 0xe4, 0x17, 0x92, 0x17,
            0x40, 0x17, 0xef, 0x16, 0x9f, 0x16, 0x50, 0x16, 0x02, 0x16, 0xb4, 0x15, 0x68, 0x15,
            0x1c, 0x15, 0xd1, 0x14, 0x86, 0x14, 0x3d, 0x14, 0xf4, 0x13, 0xac, 0x13, 0x65, 0x13,
            0x1e, 0x13, 0xd9, 0x12, 0x94, 0x12, 0x50, 0x12, 0x0c, 0x12, 0xca, 0x11, 0x88, 0x11,
            0x47, 0x11, 0x06, 0x11, 0xc6, 0x10, 0x87, 0x10, 0x49, 0x10, 0x0c, 0x10, 0xcf, 0x0f,
            0x93, 0x0f, 0x57, 0x0f, 0x1c, 0x0f, 0xe2, 0x0e, 0xa9, 0x0e, 0x70, 0x0e, 0x38, 0x0e,
            0x01, 0x0e, 0xca, 0x0d, 0x94, 0x0d, 0x5f, 0x0d, 0x2a, 0x0d, 0xf6, 0x0c, 0xc2, 0x0c,
            0x90, 0x0c, 0x5d, 0x0c, 0x2c, 0x0c, 0xfb, 0x0b, 0xca, 0x0b, 0x9b, 0x0b, 0x6c, 0x0b,
            0x3d, 0x0b, 0x0f, 0x0b, 0xe2, 0x0a, 0xb5, 0x0a, 0x89, 0x0a, 0x5d, 0x0a, 0x32, 0x0a,
            0x08, 0x0a, 0xde, 0x09, 0xb4, 0x09, 0x8b, 0x09, 0x63, 0x09, 0x3b, 0x09, 0x14, 0x09,
            0xed, 0x08, 0xc7, 0x08, 0xa1, 0x08, 0x7c, 0x08, 0x57, 0x08, 0x33, 0x08, 0x10, 0x08,
            0xec, 0x07, 0xca, 0x07, 0xa8, 0x07, 0x86, 0x07, 0x65, 0x07, 0x44, 0x07, 0x23, 0x07,
            0x03, 0x07, 0xe4, 0x06, 0xc5, 0x06, 0xa7, 0x06, 0x88, 0x06, 0x6b, 0x06, 0x4d, 0x06,
            0x31, 0x06, 0x14, 0x06, 0xf8, 0x05, 0xdd, 0x05, 0xc2, 0x05, 0xa7, 0x05, 0x8c, 0x05,
            0x72, 0x05, 0x59, 0x05, 0x40, 0x05, 0x27, 0x05, 0x0e, 0x05, 0xf6, 0x04, 0xdf, 0x04,
            0xc7, 0x04, 0xb0, 0x04, 0x9a, 0x04, 0x83, 0x04, 0x6d, 0x04, 0x58, 0x04, 0x43, 0x04,
            0x2e, 0x04, 0x19, 0x04, 0x05, 0x04, 0xf1, 0x03, 0xdd, 0x03, 0xca, 0x03, 0xb7, 0x03,
            0xa4, 0x03, 0x92, 0x03, 0x80, 0x03, 0x6e, 0x03, 0x5d, 0x03, 0x4b, 0x03, 0x3a, 0x03,
            0x2a, 0x03, 0x19, 0x03, 0x09, 0x03, 0xf9, 0x02, 0xea, 0x02, 0xdb, 0x02, 0xcc, 0x02,
            0xbd, 0x02, 0xae, 0x02, 0xa0, 0x02, 0x92, 0x02, 0x84, 0x02, 0x77, 0x02, 0x69, 0x02,
            0x5c, 0x02, 0x4f, 0x02, 0x43, 0x02, 0x36, 0x02, 0x2a, 0x02, 0x1e, 0x02, 0x12, 0x02,
            0x07, 0x02, 0xfb, 0x01, 0xf0, 0x01, 0xe5, 0x01, 0xdb, 0x01, 0xd0, 0x01, 0xc6, 0x01,
            0xbc, 0x01, 0xb2, 0x01, 0xa8, 0x01, 0x9e, 0x01, 0x95, 0x01, 0x8c, 0x01, 0x83, 0x01,
            0x7a, 0x01, 0x71, 0x01, 0x69, 0x01, 0x60, 0x01, 0x58, 0x01, 0x50, 0x01, 0x48, 0x01,
            0x40, 0x01, 0x39, 0x01, 0x31, 0x01, 0x2a, 0x01, 0x23, 0x01, 0x1c, 0x01, 0x15, 0x01,
            0x0e, 0x01, 0x08, 0x01, 0x01, 0x01, 0xfb, 0x00, 0xf5, 0x00, 0xee, 0x00, 0xe9, 0x00,
            0xe3, 0x00, 0xdd, 0x00, 0xd7, 0x00, 0xd2, 0x00, 0xcd, 0x00, 0xc7, 0x00, 0xc2, 0x00,
            0xbd, 0x00, 0xb8, 0x00, 0xb4, 0x00, 0xaf, 0x00, 0xaa, 0x00, 0xa6, 0x00, 0xa1, 0x00,
            0x9d, 0x00, 0x99, 0x00, 0x95, 0x00, 0x91, 0x00, 0x8d, 0x00, 0x89, 0x00, 0x85, 0x00,
            0x82, 0x00, 0x7e, 0x00, 0x7a, 0x00, 0x77, 0x00, 0x74, 0x00, 0x70, 0x00, 0x6d, 0x00,
            0x6a, 0x00, 0x67, 0x00, 0x64, 0x00, 0x61, 0x00, 0x5e, 0x00, 0x5c, 0x00, 0x59, 0x00,
            0x56, 0x00, 0x54, 0x00, 0x51, 0x00, 0x4f, 0x00, 0x4c, 0x00, 0x4a, 0x00, 0x48, 0x00,
            0x46, 0x00, 0x44, 0x00, 0x41, 0x00, 0x3f, 0x00, 0x3d, 0x00, 0x3c, 0x00, 0x3a, 0x00,
            0x38, 0x00, 0x36, 0x00, 0x34, 0x00, 0x33, 0x00, 0x31, 0x00, 0x2f, 0x00, 0x2e, 0x00,
            0x2c, 0x00, 0x2b, 0x00, 0x29, 0x00, 0x28, 0x00, 0x27, 0x00, 0x25, 0x00, 0x24, 0x00,
            0x23, 0x00, 0x22, 0x00, 0x20, 0x00, 0x1f, 0x00, 0x1e, 0x00, 0x1d, 0x00, 0x1c, 0x00,
            0x1b, 0x00, 0x1a, 0x00, 0x19, 0x00, 0x18, 0x00, 0x17, 0x00, 0x16, 0x00, 0x16, 0x00,
            0x15, 0x00, 0x14, 0x00, 0x13, 0x00, 0x12, 0x00, 0x12, 0x00, 0x11, 0x00, 0x10, 0x00,
            0x10, 0x00, 0x0f, 0x00, 0x0f, 0x00, 0x0e, 0x00, 0x0d, 0x00, 0x0d, 0x00, 0x0c, 0x00,
            0x0c, 0x00, 0x0b, 0x00, 0x0b, 0x00, 0x0a, 0x00, 0x0a, 0x00, 0x09, 0x00, 0x09, 0x00,
            0x09, 0x00, 0x08, 0x00, 0x08, 0x00, 0x07, 0x00, 0x07, 0x00, 0x07, 0x00, 0x06, 0x00,
            0x06, 0x00, 0x06, 0x00, 0x06, 0x00, 0x05, 0x00, 0x05, 0x00, 0x05, 0x00, 0x05, 0x00,
            0x04, 0x00, 0x04, 0x00, 0x04, 0x00, 0x04, 0x00, 0x03, 0x00, 0x03, 0x00, 0x03, 0x00,
            0x03, 0x00, 0x03, 0x00, 0x03, 0x00, 0x02, 0x00, 0x02, 0x00, 0x02, 0x00, 0x02, 0x00,
            0x02, 0x00, 0x02, 0x00, 0x02, 0x00, 0x01, 0x00, 0x01, 0x00, 0x01, 0x00, 0x01, 0x00,
            0x01, 0x00, 0x01, 0x00, 0x01, 0x00, 0x01, 0x00, 0x01, 0x00, 0x01, 0x00, 0x01, 0x00,
            0x01, 0x00, 0x00, 0x00, 0x00, 0x00, 0x00, 0x00, 0x00, 0x00, 0x00, 0x00, 0x00, 0x00,
            0x00, 0x00, 0x00, 0x00, 0x00, 0x00, 0x00, 0x00, 0x00, 0x00, 0x00, 0x00, 0x00, 0x00,
            0x00, 0x00, 0x00, 0x00, 0x00, 0x00, 0x00, 0x00, 0x00, 0x00, 0x00, 0x00, 0x00, 0x00,
            0x00, 0x00, 0x00, 0x00, 0x00, 0x00, 0x00, 0x00, 0x00, 0x00, 0x00, 0x00, 0x00, 0x00,
            0x00, 0x00, 0x00, 0x00, 0x00, 0x00, 0x00, 0x00, 0x00, 0x00, 0x00, 0x00, 0x00, 0x00,
            0x00, 0x00, 0x00, 0x00, 0x00, 0x00, 0x00, 0x00, 0x00, 0x00, 0x00, 0x00, 0x00, 0x00,
            0x00, 0x00, 0x00, 0x00, 0x00, 0x00, 0x00, 0x00, 0x00, 0x00, 0x00, 0x00, 0x00, 0x00,
            0x00, 0x00, 0x00, 0x00, 0x00, 0x00, 0x00, 0x00, 0x00, 0x00, 0x00, 0x00, 0x00, 0x00,
            0x00, 0x00, 0x00, 0x00, 0x00, 0x00, 0x00, 0x00, 0x00, 0x00, 0x00, 0x00, 0x00, 0x00,
            0x00, 0x00, 0x00, 0x00, 0x00, 0x00, 0x00, 0x00, 0x00, 0x00, 0x00, 0x00, 0x00, 0x00,
            0x00, 0x00, 0x00, 0x00, 0x00, 0x00, 0x00, 0x00, 0x00, 0x00, 0x00, 0x00, 0x00, 0x00,
            0x00, 0x00, 0x00, 0x00, 0x00, 0x00, 0x00, 0x00, 0x00, 0x00, 0x00, 0x00, 0x00, 0x00,
            0x00, 0x00, 0x00, 0x00, 0x00, 0x00, 0x00, 0x00, 0x00, 0x00, 0x00, 0x00, 0x00, 0x00,
            0x00, 0x00, 0x00, 0x00, 0x00, 0x00, 0x00, 0x00, 0x00, 0x00, 0xff, 0x7f, 0xfe, 0x7f,
            0xfe, 0x7f, 0xfd, 0x7f, 0xfb, 0x7f, 0xf9, 0x7f, 0xf7, 0x7f, 0xf4, 0x7f, 0xf1, 0x7f,
            0xee, 0x7f, 0xea, 0x7f, 0xe6, 0x7f, 0xe1, 0x7f, 0xdc, 0x7f, 0xd6, 0x7f, 0xd0, 0x7f,
            0xca, 0x7f, 0xc3, 0x7f, 0xbc, 0x7f, 0xb5, 0x7f, 0xad, 0x7f, 0xa4, 0x7f, 0x9b, 0x7f,
            0x92, 0x7f, 0x89, 0x7f, 0x7f, 0x7f, 0x74, 0x7f, 0x69, 0x7f, 0x5e, 0x7f, 0x52, 0x7f,
            0x46, 0x7f, 0x3a, 0x7f, 0x2d, 0x7f, 0x20, 0x7f, 0x12, 0x7f, 0x04, 0x7f, 0xf6, 0x7e,
            0xe7, 0x7e, 0xd7, 0x7e, 0xc8, 0x7e, 0xb8, 0x7e, 0xa7, 0x7e, 0x96, 0x7e, 0x85, 0x7e,
            0x73, 0x7e, 0x61, 0x7e, 0x4f, 0x7e, 0x3c, 0x7e, 0x28, 0x7e, 0x15, 0x7e, 0x01, 0x7e,
            0xec, 0x7d, 0xd7, 0x7d, 0xc2, 0x7d, 0xac, 0x7d, 0x96, 0x7d, 0x80, 0x7d, 0x69, 0x7d,
            0x52, 0x7d, 0x3a, 0x7d, 0x22, 0x7d, 0x0a, 0x7d, 0xf1, 0x7c, 0xd8, 0x7c, 0xbe, 0x7c,
            0xa4, 0x7c, 0x8a, 0x7c, 0x6f, 0x7c, 0x54, 0x7c, 0x38, 0x7c, 0x1c, 0x7c, 0x00, 0x7c,
            0xe3, 0x7b, 0xc6, 0x7b, 0xa9, 0x7b, 0x8b, 0x7b, 0x6d, 0x7b, 0x4e, 0x7b, 0x2f, 0x7b,
            0x10, 0x7b, 0xf0, 0x7a, 0xd0, 0x7a, 0xaf, 0x7a, 0x8e, 0x7a, 0x6d, 0x7a, 0x4c, 0x7a,
            0x2a, 0x7a, 0x07, 0x7a, 0xe4, 0x79, 0xc1, 0x79, 0x9e, 0x79, 0x7a, 0x79, 0x56, 0x79,
            0x31, 0x79, 0x0c, 0x79, 0xe7, 0x78, 0xc1, 0x78, 0x9b, 0x78, 0x75, 0x78, 0x4e, 0x78,
            0x27, 0x78, 0xff, 0x77, 0xd8, 0x77, 0xaf, 0x77, 0x87, 0x77, 0x5e, 0x77, 0x35, 0x77,
            0x0b, 0x77, 0xe1, 0x76, 0xb7, 0x76, 0x8c, 0x76, 0x61, 0x76, 0x36, 0x76, 0x0a, 0x76,
            0xde, 0x75, 0xb1, 0x75, 0x85, 0x75, 0x57, 0x75, 0x2a, 0x75, 0xfc, 0x74, 0xce, 0x74,
            0xa0, 0x74, 0x71, 0x74, 0x42, 0x74, 0x12, 0x74, 0xe2, 0x73, 0xb2, 0x73, 0x82, 0x73,
            0x51, 0x73, 0x20, 0x73, 0xee, 0x72, 0xbd, 0x72, 0x8a, 0x72, 0x58, 0x72, 0x25, 0x72,
            0xf2, 0x71, 0xbf, 0x71, 0x8b, 0x71, 0x57, 0x71, 0x23, 0x71, 0xee, 0x70, 0xb9, 0x70,
            0x84, 0x70, 0x4e, 0x70, 0x18, 0x70, 0xe2, 0x6f, 0xac, 0x6f, 0x75, 0x6f, 0x3e, 0x6f,
            0x06, 0x6f, 0xce, 0x6e, 0x96, 0x6e, 0x5e, 0x6e, 0x25, 0x6e, 0xec, 0x6d, 0xb3, 0x6d,
            0x7a, 0x6d, 0x40, 0x6d, 0x06, 0x6d, 0xcb, 0x6c, 0x91, 0x6c, 0x56, 0x6c, 0x1b, 0x6c,
            0xdf, 0x6b, 0xa3, 0x6b, 0x67, 0x6b, 0x2b, 0x6b, 0xee, 0x6a, 0xb1, 0x6a, 0x74, 0x6a,
            0x37, 0x6a, 0xf9, 0x69, 0xbb, 0x69, 0x7d, 0x69, 0x3e, 0x69, 0xff, 0x68, 0xc0, 0x68,
            0x81, 0x68, 0x41, 0x68, 0x01, 0x68, 0xc1, 0x67, 0x81, 0x67, 0x40, 0x67, 0xff, 0x66,
            0xbe, 0x66, 0x7d, 0x66, 0x3b, 0x66, 0xfa, 0x65, 0xb7, 0x65, 0x75, 0x65, 0x33, 0x65,
            0xf0, 0x64, 0xad, 0x64, 0x69, 0x64, 0x26, 0x64, 0xe2, 0x63, 0x9e, 0x63, 0x5a, 0x63,
            0x16, 0x63, 0xd1, 0x62, 0x8c, 0x62, 0x47, 0x62, 0x02, 0x62, 0xbc, 0x61, 0x76, 0x61,
            0x30, 0x61, 0xea, 0x60, 0xa4, 0x60, 0x5d, 0x60, 0x16, 0x60, 0xcf, 0x5f, 0x88, 0x5f,
            0x41, 0x5f, 0xf9, 0x5e, 0xb1, 0x5e, 0x69, 0x5e, 0x21, 0x5e, 0xd9, 0x5d, 0x90, 0x5d,
            0x47, 0x5d, 0xfe, 0x5c, 0xb5, 0x5c, 0x6c, 0x5c, 0x22, 0x5c, 0xd9, 0x5b, 0x8f, 0x5b,
            0x45, 0x5b, 0xfa, 0x5a, 0xb0, 0x5a, 0x65, 0x5a, 0x1b, 0x5a, 0xd0, 0x59, 0x85, 0x59,
            0x39, 0x59, 0xee, 0x58, 0xa3, 0x58, 0x57, 0x58, 0x0b, 0x58, 0xbf, 0x57, 0x73, 0x57,
            0x26, 0x57, 0xda, 0x56, 0x8d, 0x56, 0x41, 0x56, 0xf4, 0x55, 0xa7, 0x55, 0x59, 0x55,
            0x0c, 0x55, 0xbf, 0x54, 0x71, 0x54, 0x23, 0x54, 0xd5, 0x53, 0x87, 0x53, 0x39, 0x53,
            0xeb, 0x52, 0x9d, 0x52, 0x4e, 0x52, 0x00, 0x52, 0xb1, 0x51, 0x62, 0x51, 0x13, 0x51,
            0xc4, 0x50, 0x75, 0x50, 0x26, 0x50, 0xd6, 0x4f, 0x87, 0x4f, 0x37, 0x4f, 0xe8, 0x4e,
            0x98, 0x4e, 0x48, 0x4e, 0xf8, 0x4d, 0xa8, 0x4d, 0x58, 0x4d, 0x08, 0x4d, 0xb8, 0x4c,
            0x67, 0x4c, 0x17, 0x4c, 0xc6, 0x4b, 0x76, 0x4b, 0x25, 0x4b, 0xd4, 0x4a, 0x83, 0x4a,
            0x33, 0x4a, 0xe2, 0x49, 0x91, 0x49, 0x3f, 0x49, 0xee, 0x48, 0x9d, 0x48, 0x4c, 0x48,
            0xfb, 0x47, 0xa9, 0x47, 0x58, 0x47, 0x06, 0x47, 0xb5, 0x46, 0x63, 0x46, 0x12, 0x46,
            0xc0, 0x45, 0x6f, 0x45, 0x1d, 0x45, 0xcb, 0x44, 0x79, 0x44, 0x28, 0x44, 0xd6, 0x43,
            0x84, 0x43, 0x32, 0x43, 0xe0, 0x42, 0x8e, 0x42, 0x3d, 0x42, 0xeb, 0x41, 0x99, 0x41,
            0x47, 0x41, 0xf5, 0x40, 0xa3, 0x40, 0x51, 0x40, 0xff, 0x3f, 0xad, 0x3f, 0x5b, 0x3f,
            0x09, 0x3f, 0xb7, 0x3e, 0x65, 0x3e, 0x13, 0x3e, 0xc1, 0x3d, 0x70, 0x3d, 0x1e, 0x3d,
            0xcc, 0x3c, 0x7a, 0x3c, 0x28, 0x3c, 0xd6, 0x3b, 0x85, 0x3b, 0x33, 0x3b, 0xe1, 0x3a,
            0x8f, 0x3a, 0x3e, 0x3a, 0xec, 0x39, 0x9b, 0x39, 0x49, 0x39, 0xf8, 0x38, 0xa6, 0x38,
            0x55, 0x38, 0x03, 0x38, 0xb2, 0x37, 0x61, 0x37, 0x10, 0x37, 0xbf, 0x36, 0x6d, 0x36,
            0x1c, 0x36, 0xcb, 0x35, 0x7b, 0x35, 0x2a, 0x35, 0xd9, 0x34, 0x88, 0x34, 0x38, 0x34,
            0xe7, 0x33, 0x97, 0x33, 0x46, 0x33, 0xf6, 0x32, 0xa6, 0x32, 0x56, 0x32, 0x06, 0x32,
            0xb6, 0x31, 0x66, 0x31, 0x16, 0x31, 0xc7, 0x30, 0x77, 0x30, 0x28, 0x30, 0xd8, 0x2f,
            0x89, 0x2f, 0x3a, 0x2f, 0xeb, 0x2e, 0x9c, 0x2e, 0x4d, 0x2e, 0xfe, 0x2d, 0xb0, 0x2d,
            0x61, 0x2d, 0x13, 0x2d, 0xc5, 0x2c, 0x77, 0x2c, 0x29, 0x2c, 0xdb, 0x2b, 0x8d, 0x2b,
            0x3f, 0x2b, 0xf2, 0x2a, 0xa5, 0x2a, 0x57, 0x2a, 0x0a, 0x2a, 0xbd, 0x29, 0x71, 0x29,
            0x24, 0x29, 0xd8, 0x28, 0x8b, 0x28, 0x3f, 0x28, 0xf3, 0x27, 0xa7, 0x27, 0x5b, 0x27,
            0x10, 0x27, 0xc5, 0x26, 0x79, 0x26, 0x2e, 0x26, 0xe3, 0x25, 0x99, 0x25, 0x4e, 0x25,
            0x04, 0x25, 0xb9, 0x24, 0x6f, 0x24, 0x25, 0x24, 0xdc, 0x23, 0x92, 0x23, 0x49, 0x23,
            0x00, 0x23, 0xb7, 0x22, 0x6e, 0x22, 0x25, 0x22, 0xdd, 0x21, 0x95, 0x21, 0x4d, 0x21,
            0x05, 0x21, 0xbd, 0x20, 0x76, 0x20, 0x2f, 0x20, 0xe8, 0x1f, 0xa1, 0x1f, 0x5a, 0x1f,
            0x14, 0x1f, 0xce, 0x1e, 0x88, 0x1e, 0x42, 0x1e, 0xfc, 0x1d, 0xb7, 0x1d, 0x72, 0x1d,
            0x2d, 0x1d, 0xe8, 0x1c, 0xa4, 0x1c, 0x60, 0x1c, 0x1c, 0x1c, 0xd8, 0x1b, 0x95, 0x1b,
            0x51, 0x1b, 0x0e, 0x1b, 0xcb, 0x1a, 0x89, 0x1a, 0x47, 0x1a, 0x04, 0x1a, 0xc3, 0x19,
            0x81, 0x19, 0x40, 0x19, 0xff, 0x18, 0xbe, 0x18, 0x7d, 0x18, 0x3d, 0x18, 0xfd, 0x17,
            0xbd, 0x17, 0x7d, 0x17, 0x3e, 0x17, 0xff, 0x16, 0xc0, 0x16, 0x81, 0x16, 0x43, 0x16,
            0x05, 0x16, 0xc7, 0x15, 0x8a, 0x15, 0x4d, 0x15, 0x10, 0x15, 0xd3, 0x14, 0x97, 0x14,
            0x5b, 0x14, 0x1f, 0x14, 0xe3, 0x13, 0xa8, 0x13, 0x6d, 0x13, 0x33, 0x13, 0xf8, 0x12,
            0xbe, 0x12, 0x84, 0x12, 0x4b, 0x12, 0x12, 0x12, 0xd9, 0x11, 0xa0, 0x11, 0x68, 0x11,
            0x30, 0x11, 0xf8, 0x10, 0xc0, 0x10, 0x89, 0x10, 0x52, 0x10, 0x1c, 0x10, 0xe6, 0x0f,
            0xb0, 0x0f, 0x7a, 0x0f, 0x45, 0x0f, 0x10, 0x0f, 0xdb, 0x0e, 0xa7, 0x0e, 0x73, 0x0e,
            0x3f, 0x0e, 0x0c, 0x0e, 0xd9, 0x0d, 0xa6, 0x0d, 0x74, 0x0d, 0x41, 0x0d, 0x10, 0x0d,
            0xde, 0x0c, 0xad, 0x0c, 0x7c, 0x0c, 0x4c, 0x0c, 0x1c, 0x0c, 0xec, 0x0b, 0xbc, 0x0b,
            0x8d, 0x0b, 0x5e, 0x0b, 0x30, 0x0b, 0x02, 0x0b, 0xd4, 0x0a, 0xa7, 0x0a, 0x79, 0x0a,
            0x4d, 0x0a, 0x20, 0x0a, 0xf4, 0x09, 0xc8, 0x09, 0x9d, 0x09, 0x72, 0x09, 0x47, 0x09,
            0x1d, 0x09, 0xf3, 0x08, 0xc9, 0x08, 0xa0, 0x08, 0x77, 0x08, 0x4f, 0x08, 0x26, 0x08,
            0xff, 0x07, 0xd7, 0x07, 0xb0, 0x07, 0x89, 0x07, 0x63, 0x07, 0x3d, 0x07, 0x17, 0x07,
            0xf2, 0x06, 0xcd, 0x06, 0xa8, 0x06, 0x84, 0x06, 0x60, 0x06, 0x3d, 0x06, 0x1a, 0x06,
            0xf7, 0x05, 0xd4, 0x05, 0xb2, 0x05, 0x91, 0x05, 0x70, 0x05, 0x4f, 0x05, 0x2e, 0x05,
            0x0e, 0x05, 0xee, 0x04, 0xcf, 0x04, 0xb0, 0x04, 0x91, 0x04, 0x73, 0x04, 0x55, 0x04,
            0x38, 0x04, 0x1b, 0x04, 0xfe, 0x03, 0xe2, 0x03, 0xc6, 0x03, 0xaa, 0x03, 0x8f, 0x03,
            0x74, 0x03, 0x5a, 0x03, 0x40, 0x03, 0x26, 0x03, 0x0d, 0x03, 0xf4, 0x02, 0xdc, 0x02,
            0xc4, 0x02, 0xac, 0x02, 0x95, 0x02, 0x7e, 0x02, 0x68, 0x02, 0x52, 0x02, 0x3c, 0x02,
            0x27, 0x02, 0x12, 0x02, 0xfd, 0x01, 0xe9, 0x01, 0xd6, 0x01, 0xc2, 0x01, 0xaf, 0x01,
            0x9d, 0x01, 0x8b, 0x01, 0x79, 0x01, 0x68, 0x01, 0x57, 0x01, 0x46, 0x01, 0x36, 0x01,
            0x27, 0x01, 0x17, 0x01, 0x08, 0x01, 0xfa, 0x00, 0xec, 0x00, 0xde, 0x00, 0xd1, 0x00,
            0xc4, 0x00, 0xb8, 0x00, 0xac, 0x00, 0xa0, 0x00, 0x95, 0x00, 0x8a, 0x00, 0x7f, 0x00,
            0x75, 0x00, 0x6c, 0x00, 0x63, 0x00, 0x5a, 0x00, 0x51, 0x00, 0x49, 0x00, 0x42, 0x00,
            0x3b, 0x00, 0x34, 0x00, 0x2e, 0x00, 0x28, 0x00, 0x22, 0x00, 0x1d, 0x00, 0x18, 0x00,
            0x14, 0x00, 0x10, 0x00, 0x0d, 0x00, 0x0a, 0x00, 0x07, 0x00, 0x05, 0x00, 0x03, 0x00,
            0x01, 0x00, 0x00, 0x00, 0x00, 0x00,
        ],
    ),
    (
        0xa0218,
        &[
            0x49, 0x6e, 0x76, 0x61, 0x6c, 0x69, 0x64, 0x20, 0x3c, 0x74, 0x65, 0x73, 0x74, 0x61,
            0x2d, 0x66, 0x69, 0x6e, 0x65, 0x73, 0x74, 0x72, 0x61, 0x3e, 0x20, 0x61, 0x73, 0x73,
            0x69, 0x67, 0x6e, 0x6d, 0x65, 0x6e, 0x74, 0x3a, 0x20, 0x69, 0x6e, 0x74, 0x65, 0x72,
            0x6e, 0x61, 0x6c, 0x20, 0x65, 0x72, 0x72, 0x6f, 0x72, 0x0a, 0x00,
        ],
    ),
    (
        0xa0250,
        &[
            0x4f, 0x75, 0x74, 0x20, 0x6f, 0x66, 0x20, 0x6d, 0x65, 0x6d, 0x6f, 0x72, 0x79, 0x20,
            0x69, 0x6e, 0x20, 0x53, 0x65, 0x71, 0x75, 0x65, 0x6e, 0x73, 0x0a, 0x00,
        ],
    ),
    (
        0xa026c,
        &[
            0x4c, 0x65, 0x66, 0x74, 0x20, 0x42, 0x53, 0x41, 0x20, 0x62, 0x6f, 0x72, 0x64, 0x65,
            0x72, 0x20, 0x75, 0x6e, 0x64, 0x65, 0x74, 0x65, 0x63, 0x74, 0x65, 0x64, 0x00,
        ],
    ),
    (
        0xb7c78,
        &[
            0x00, 0x00, 0x00, 0x00, 0xf8, 0x48, 0x03, 0x00, 0x8c, 0x52, 0x03, 0x00, 0x30, 0x59,
            0x03, 0x00, 0x88, 0x64, 0x03, 0x00, 0xac, 0x6a, 0x03, 0x00, 0x78, 0x4c, 0x03, 0x00,
            0x00, 0x49, 0x03, 0x00, 0x10, 0x50, 0x03, 0x00, 0x18, 0x60, 0x03, 0x00, 0x34, 0x64,
            0x03, 0x00, 0x00, 0x00, 0x00, 0x00, 0xd0, 0xa1, 0x07, 0x00, 0xd0, 0xa1, 0x07, 0x00,
            0xd0, 0xa1, 0x07, 0x00, 0xd0, 0xa1, 0x07, 0x00, 0x74, 0xa2, 0x07, 0x00, 0x00, 0x00,
            0x00, 0x00, 0x65, 0x66, 0x65, 0x67, 0xac, 0x5d, 0x05, 0x00, 0x84, 0x5d, 0x05, 0x00,
            0x1c, 0x52, 0x05, 0x00, 0x00, 0x00, 0x00, 0x00, 0x00, 0x00, 0x00, 0x00, 0x6f, 0x67,
            0x79, 0x68, 0x48, 0x89, 0x04, 0x00, 0x30, 0x89, 0x04, 0x00, 0x10, 0x8b, 0x04, 0x00,
            0x00, 0x00, 0x00, 0x00, 0x00, 0x00, 0x00, 0x00, 0x70, 0x68, 0x6f, 0x69, 0xf8, 0x8b,
            0x03, 0x00, 0xcc, 0x8b, 0x03, 0x00, 0x10, 0x8c, 0x03, 0x00, 0x00, 0x00, 0x00, 0x00,
            0x00, 0x00, 0x00, 0x00, 0x71, 0x69, 0x70, 0x6a, 0x08, 0xc2, 0x02, 0x00, 0xf4, 0xc1,
            0x02, 0x00, 0x1c, 0xc2, 0x02, 0x00, 0x00, 0x00, 0x00, 0x00, 0x00, 0x00, 0x00, 0x00,
            0x72, 0x6a, 0x71, 0x6b, 0x48, 0xac, 0x04, 0x00, 0x3c, 0xac, 0x04, 0x00, 0x60, 0xaf,
            0x04, 0x00, 0x00, 0x00, 0x00, 0x00, 0x00, 0x00, 0x00, 0x00, 0x73, 0x6b, 0x72, 0x73,
            0xac, 0x5c, 0x02, 0x00, 0xa4, 0x5c, 0x02, 0x00, 0x90, 0x66, 0x02, 0x00, 0x00, 0x00,
            0x00, 0x00, 0x00, 0x00, 0x00, 0x00, 0x01, 0x00, 0x00, 0x00, 0x50, 0x00, 0x00, 0x00,
            0x53, 0x01, 0x00, 0x00, 0x55, 0x02, 0x00, 0x00, 0x43, 0x03, 0x00, 0x00, 0x57, 0x04,
            0x00, 0x00, 0x46, 0x05, 0x00, 0x00, 0x59, 0x06, 0x00, 0x00, 0x58, 0x07, 0x00, 0x00,
            0x4d, 0x08, 0x00, 0x00, 0x4e, 0x09, 0x00, 0x00, 0x56, 0x0a, 0x00, 0x00, 0x5a, 0x0b,
            0x00, 0x00, 0x41, 0x0c, 0x00, 0x00, 0x42, 0x0d, 0x00, 0x00, 0x45, 0x0e, 0x00, 0x00,
            0xec, 0xa5, 0x09, 0x00, 0xe8, 0xa5, 0x09, 0x00, 0xf0, 0xa5, 0x09, 0x00, 0x9c, 0xae,
            0x09, 0x00, 0xa0, 0xae, 0x09, 0x00, 0x40, 0xa7, 0x09, 0x00, 0x00, 0x00, 0x00, 0x00,
            0x00, 0x00, 0x00, 0x00, 0x00, 0x00, 0x00, 0x00, 0x00, 0x00, 0x00, 0x00, 0x00, 0x00,
            0x00, 0x00, 0x00, 0x00, 0x00, 0x00, 0x00, 0x00, 0x00, 0x00, 0x00, 0x00, 0x00, 0x00,
            0x00, 0x00, 0x00, 0x00, 0x00, 0x00, 0x00, 0x00, 0x00, 0x00, 0x00, 0x00, 0x00, 0x00,
            0x00, 0x00, 0x00, 0x00, 0x00, 0x00, 0x00, 0x00, 0x00, 0x00, 0x00, 0x00, 0x00, 0x00,
            0x00, 0x00, 0x00, 0x00, 0x00, 0x00, 0x00, 0x00, 0x00, 0x00, 0x00, 0x00, 0x00, 0x00,
            0x00, 0x00, 0x00, 0x00, 0x00, 0x00, 0x00, 0x00, 0x00, 0x00, 0x00, 0x00, 0x00, 0x00,
            0x00, 0x00, 0x00, 0x00, 0x00, 0x00, 0x00, 0x00, 0x00, 0x00, 0x00, 0x00, 0x00, 0x00,
            0x00, 0x00, 0x00, 0x00, 0x00, 0x00, 0x00, 0x00, 0x00, 0x00, 0x00, 0x00, 0x00, 0x00,
            0x00, 0x00, 0x00, 0x00, 0x00, 0x00, 0x00, 0x00, 0x00, 0x00, 0x00, 0x00, 0x00, 0x00,
            0x00, 0x00, 0x00, 0x00, 0x00, 0x00, 0x00, 0x00, 0x00, 0x00, 0x00, 0x00, 0x00, 0x00,
            0x00, 0x00, 0x00, 0x00, 0x00, 0x00, 0x00, 0x00, 0x00, 0x00, 0x00, 0x00, 0x00, 0x00,
            0x00, 0x00, 0x00, 0x00, 0x00, 0x00, 0x00, 0x00, 0x00, 0x00, 0x00, 0x00, 0x00, 0x00,
            0x00, 0x00, 0x00, 0x00, 0x00, 0x00, 0x00, 0x00, 0x00, 0x00, 0x00, 0x00, 0x00, 0x00,
            0x00, 0x00, 0x00, 0x00, 0x00, 0x00, 0x00, 0x00, 0x00, 0x00, 0x00, 0x00, 0x00, 0x00,
            0x00, 0x00, 0x00, 0x00, 0x00, 0x00, 0x00, 0x00, 0x00, 0x00, 0x00, 0x00, 0x00, 0x00,
            0x00, 0x00, 0x00, 0x00, 0x00, 0x00, 0x00, 0x00, 0x00, 0x00, 0x00, 0x00, 0x00, 0x00,
            0x00, 0x00, 0x00, 0x00, 0x00, 0x00, 0x00, 0x00, 0x00, 0x00, 0x00, 0x00, 0x00, 0x00,
            0x00, 0x00, 0x00, 0x00, 0x00, 0x00, 0x00, 0x00, 0x00, 0x00, 0x00, 0x00, 0x00, 0x00,
            0x00, 0x00, 0x00, 0x00, 0x00, 0x00, 0x00, 0x00, 0x00, 0x00, 0x00, 0x00, 0x00, 0x00,
            0x00, 0x00, 0x00, 0x00, 0x00, 0x00, 0x00, 0x00, 0x00, 0x00, 0x00, 0x00, 0x00, 0x00,
            0x00, 0x00, 0x00, 0x00, 0x00, 0x00, 0x00, 0x00, 0x00, 0x00, 0x00, 0x00, 0x00, 0x00,
            0x00, 0x00, 0x00, 0x00, 0x00, 0x00, 0x00, 0x00, 0x00, 0x00, 0x00, 0x00, 0x00, 0x00,
            0x00, 0x00, 0x00, 0x00, 0x00, 0x00, 0x00, 0x00, 0x00, 0x00, 0x00, 0x00, 0x00, 0x00,
            0x00, 0x00, 0x00, 0x00, 0x00, 0x00, 0x00, 0x00, 0x00, 0x00, 0x00, 0x00, 0x00, 0x00,
            0x00, 0x00, 0x00, 0x00, 0x00, 0x00, 0x00, 0x00, 0x00, 0x00, 0x00, 0x00, 0x00, 0x00,
            0x00, 0x00, 0x00, 0x00, 0x00, 0x00, 0x00, 0x00, 0x00, 0x00, 0x00, 0x00, 0x00, 0x00,
            0x00, 0x00, 0x00, 0x00, 0x00, 0x00, 0x00, 0x00, 0x00, 0x00, 0x00, 0x00, 0x00, 0x00,
            0x00, 0x00, 0x00, 0x00, 0x00, 0x00, 0x00, 0x00, 0x00, 0x00, 0x00, 0x00, 0x00, 0x00,
            0x00, 0x00, 0x00, 0x00, 0x00, 0x00, 0x00, 0x00, 0x00, 0x00, 0x00, 0x00, 0x00, 0x00,
            0x00, 0x00, 0x00, 0x00, 0x00, 0x00, 0x00, 0x00, 0x00, 0x00, 0x00, 0x00, 0x00, 0x00,
            0x00, 0x00, 0x00, 0x00, 0x00, 0x00, 0x00, 0x00, 0x00, 0x00, 0x00, 0x00, 0x00, 0x00,
            0x00, 0x00, 0x00, 0x00, 0x00, 0x00, 0x00, 0x00, 0x00, 0x00, 0x00, 0x00, 0x00, 0x00,
            0x00, 0x00, 0x00, 0x00, 0x00, 0x00, 0x00, 0x00, 0x00, 0x00, 0x00, 0x00, 0x00, 0x00,
            0x00, 0x00, 0x00, 0x00, 0x00, 0x00, 0x00, 0x00, 0x00, 0x00, 0x00, 0x00, 0x00, 0x00,
            0x00, 0x00, 0x00, 0x00, 0x00, 0x00, 0x00, 0x00, 0x00, 0x00, 0x00, 0x00, 0x00, 0x00,
            0x00, 0x00, 0x00, 0x00, 0x00, 0x00, 0x00, 0x00, 0x00, 0x00, 0x00, 0x00, 0x00, 0x00,
            0x00, 0x00, 0x00, 0x00, 0x28, 0xfb, 0x09, 0x00, 0x21, 0x84, 0x10, 0x00, 0x2c, 0xfb,
            0x09, 0x00, 0xa1, 0x84, 0x10, 0x00, 0x30, 0xfb, 0x09, 0x00, 0x21, 0x08, 0x02, 0x00,
            0x34, 0xfb, 0x09, 0x00, 0x61, 0x08, 0x04, 0x00, 0x38, 0xfb, 0x09, 0x00, 0x61, 0x09,
            0x04, 0x00, 0x3c, 0xfb, 0x09, 0x00, 0x21, 0x04, 0x12, 0x00, 0x40, 0xfb, 0x09, 0x00,
            0xa1, 0x04, 0x12, 0x00, 0x44, 0xfb, 0x09, 0x00, 0xa3, 0x04, 0x32, 0x81, 0x48, 0xfb,
            0x09, 0x00, 0x21, 0x05, 0x12, 0x00, 0x4c, 0xfb, 0x09, 0x00, 0xa3, 0x08, 0x81, 0x82,
            0x50, 0xfb, 0x09, 0x00, 0x21, 0x10, 0x08, 0x00, 0x54, 0xfb, 0x09, 0x00, 0xa3, 0x10,
            0x92, 0x81, 0x58, 0xfb, 0x09, 0x00, 0x21, 0x04, 0x02, 0x00, 0x5c, 0xfb, 0x09, 0x00,
            0xa1, 0x04, 0x02, 0x00, 0x60, 0xfb, 0x09, 0x00, 0xa3, 0x04, 0x22, 0x01, 0x64, 0xfb,
            0x09, 0x00, 0x21, 0x44, 0x00, 0x00, 0x68, 0xfb, 0x09, 0x00, 0xa3, 0x44, 0x40, 0x08,
            0x6c, 0xfb, 0x09, 0x00, 0x21, 0x10, 0x12, 0x00, 0x70, 0xfb, 0x09, 0x00, 0xa1, 0x10,
            0x12, 0x00, 0x74, 0xfb, 0x09, 0x00, 0xa3, 0x10, 0x32, 0x02, 0x78, 0xfb, 0x09, 0x00,
            0xa3, 0x10, 0x32, 0x02, 0x7c, 0xfb, 0x09, 0x00, 0x21, 0x10, 0x18, 0x00, 0x80, 0xfb,
            0x09, 0x00, 0x21, 0x50, 0x10, 0x00, 0x84, 0xfb, 0x09, 0x00, 0xa3, 0x50, 0x50, 0x08,
            0x88, 0xfb, 0x09, 0x00, 0x21, 0x10, 0x02, 0x00, 0x8c, 0xfb, 0x09, 0x00, 0x21, 0x44,
            0x10, 0x00, 0x90, 0xfb, 0x09, 0x00, 0x21, 0x08, 0x08, 0x00, 0x94, 0xfb, 0x09, 0x00,
            0xa1, 0x08, 0x08, 0x00, 0x98, 0xfb, 0x09, 0x00, 0xa3, 0x08, 0x28, 0x02, 0x9c, 0xfb,
            0x09, 0x00, 0xa3, 0x08, 0x88, 0x82, 0xa0, 0xfb, 0x09, 0x00, 0x21, 0x11, 0x08, 0x00,
            0x1c, 0xfb, 0x09, 0x00, 0x21, 0x84, 0x00, 0x00, 0xa4, 0xfb, 0x09, 0x00, 0xa1, 0x84,
            0x00, 0x00, 0xa8, 0xfb, 0x09, 0x00, 0xa3, 0x04, 0x42, 0x08, 0x20, 0xfb, 0x09, 0x00,
            0xa3, 0x04, 0x22, 0x02, 0xac, 0xfb, 0x09, 0x00, 0x21, 0x85, 0x00, 0x00, 0xb0, 0xfb,
            0x09, 0x00, 0x21, 0x24, 0x00, 0x00, 0xb4, 0xfb, 0x09, 0x00, 0xa1, 0x24, 0x00, 0x00,
            0xb8, 0xfb, 0x09, 0x00, 0x21, 0x25, 0x00, 0x00, 0x10, 0xfb, 0x09, 0x00, 0x21, 0x90,
            0x10, 0x00, 0xbc, 0xfb, 0x09, 0x00, 0xa1, 0x90, 0x10, 0x00, 0xc0, 0xfb, 0x09, 0x00,
            0x21, 0x91, 0x10, 0x00, 0x14, 0xfb, 0x09, 0x00, 0xa3, 0x90, 0x90, 0x82, 0xc4, 0xfb,
            0x09, 0x00, 0x21, 0x30, 0x10, 0x00, 0xc8, 0xfb, 0x09, 0x00, 0xa1, 0x30, 0x10, 0x00,
            0xcc, 0xfb, 0x09, 0x00, 0x21, 0x31, 0x10, 0x00, 0xd0, 0xfb, 0x09, 0x00, 0x21, 0x24,
            0x10, 0x00, 0xd4, 0xfb, 0x09, 0x00, 0xa1, 0x24, 0x10, 0x00, 0xd8, 0xfb, 0x09, 0x00,
            0x21, 0x04, 0x04, 0x00, 0xdc, 0xfb, 0x09, 0x00, 0x11, 0x84, 0x10, 0x00, 0xe0, 0xfb,
            0x09, 0x00, 0x91, 0x84, 0x10, 0x00, 0xe4, 0xfb, 0x09, 0x00, 0x11, 0x08, 0x02, 0x00,
            0x64, 0xe9, 0x0a, 0x00, 0x51, 0x08, 0x04, 0x00, 0xe8, 0xfb, 0x09, 0x00, 0x51, 0x08,
            0x04, 0x00, 0xec, 0xfb, 0x09, 0x00, 0x51, 0x09, 0x04, 0x00, 0xf0, 0xfb, 0x09, 0x00,
            0x11, 0x04, 0x12, 0x00, 0xf4, 0xfb, 0x09, 0x00, 0x91, 0x04, 0x12, 0x00, 0xf8, 0xfb,
            0x09, 0x00, 0x93, 0x04, 0x32, 0x81, 0xfc, 0xfb, 0x09, 0x00, 0x11, 0x05, 0x12, 0x00,
            0x00, 0xfc, 0x09, 0x00, 0x04, 0x08, 0x01, 0x09, 0x04, 0xfc, 0x09, 0x00, 0x24, 0x00,
            0x01, 0x09, 0x08, 0xfc, 0x09, 0x00, 0x24, 0x20, 0x00, 0x09, 0x64, 0xa7, 0x09, 0x00,
            0x14, 0x00, 0x80, 0x01, 0x8c, 0xda, 0x09, 0x00, 0x51, 0x08, 0x01, 0x00, 0x0c, 0xfc,
            0x09, 0x00, 0x93, 0x08, 0x81, 0x82, 0xf8, 0xd2, 0x09, 0x00, 0x11, 0x10, 0x08, 0x00,
            0x10, 0xfc, 0x09, 0x00, 0x93, 0x10, 0x92, 0x81, 0x14, 0xfc, 0x09, 0x00, 0x04, 0x24,
            0x00, 0x01, 0x18, 0xfc, 0x09, 0x00, 0x04, 0x01, 0x08, 0x00, 0xfc, 0xf6, 0x09, 0x00,
            0x04, 0x81, 0x00, 0x03, 0x0c, 0xb9, 0x09, 0x00, 0x11, 0x04, 0x02, 0x00, 0x1c, 0xfc,
            0x09, 0x00, 0x91, 0x04, 0x02, 0x00, 0x20, 0xfc, 0x09, 0x00, 0x93, 0x04, 0x22, 0x01,
            0x24, 0xfc, 0x09, 0x00, 0x91, 0x05, 0x02, 0x00, 0x4c, 0xf5, 0x09, 0x00, 0x04, 0x04,
            0x10, 0x01, 0x28, 0xfc, 0x09, 0x00, 0x04, 0x24, 0x08, 0x81, 0x10, 0xf4, 0x09, 0x00,
            0x11, 0x44, 0x00, 0x00, 0x2c, 0xfc, 0x09, 0x00, 0x93, 0x44, 0x40, 0x08, 0x30, 0xfc,
            0x09, 0x00, 0x24, 0x00, 0x08, 0x01, 0x34, 0xfc, 0x09, 0x00, 0x24, 0x00, 0x08, 0x05,
            0xc4, 0xf5, 0x09, 0x00, 0x04, 0x08, 0x08, 0x01, 0x38, 0xfc, 0x09, 0x00, 0x04, 0x08,
            0x08, 0x05, 0xec, 0xf6, 0x09, 0x00, 0x24, 0x00, 0x10, 0x01, 0xa8, 0xf4, 0x09, 0x00,
            0x11, 0x10, 0x12, 0x00, 0x3c, 0xfc, 0x09, 0x00, 0x91, 0x10, 0x12, 0x00, 0x40, 0xfc,
            0x09, 0x00, 0x93, 0x10, 0x32, 0x02, 0x44, 0xfc, 0x09, 0x00, 0x93, 0x10, 0x32, 0x02,
            0x48, 0xfc, 0x09, 0x00, 0x91, 0x91, 0x10, 0x00, 0x4c, 0xfc, 0x09, 0x00, 0x11, 0x10,
            0x18, 0x00, 0x64, 0xf5, 0x09, 0x00, 0x44, 0x00, 0x20, 0x01, 0x5c, 0xf4, 0x09, 0x00,
            0x04, 0x01, 0x02, 0x00, 0x50, 0xfc, 0x09, 0x00, 0x04, 0x01, 0x02, 0x04, 0x08, 0xb8,
            0x09, 0x00, 0x04, 0x81, 0x00, 0x02, 0x54, 0xfc, 0x09, 0x00, 0x11, 0x50, 0x10, 0x00,
            0x58, 0xfc, 0x09, 0x00, 0x93, 0x50, 0x50, 0x08, 0x5c, 0xda, 0x09, 0x00, 0x11, 0x10,
            0x02, 0x00, 0x5c, 0xfc, 0x09, 0x00, 0x11, 0x44, 0x10, 0x00, 0x60, 0xfc, 0x09, 0x00,
            0x04, 0x01, 0x02, 0x01, 0x54, 0xdc, 0x09, 0x00, 0x11, 0x08, 0x08, 0x00, 0x64, 0xfc,
            0x09, 0x00, 0x91, 0x08, 0x08, 0x00, 0x68, 0xfc, 0x09, 0x00, 0x93, 0x08, 0x28, 0x02,
            0x6c, 0xfc, 0x09, 0x00, 0x93, 0x08, 0x88, 0x82, 0x70, 0xfc, 0x09, 0x00, 0x11, 0x11,
            0x08, 0x00, 0x74, 0xfc, 0x09, 0x00, 0x14, 0x20, 0x00, 0x03, 0x78, 0xfc, 0x09, 0x00,
            0x14, 0x20, 0x00, 0x07, 0x00, 0xe9, 0x0a, 0x00, 0x14, 0x80, 0x00, 0x03, 0x7c, 0xfc,
            0x09, 0x00, 0x04, 0x10, 0x02, 0x03, 0x80, 0xfc, 0x09, 0x00, 0x14, 0x80, 0x00, 0x07,
            0x84, 0xfc, 0x09, 0x00, 0x04, 0x10, 0x02, 0x07, 0x88, 0xfc, 0x09, 0x00, 0x04, 0x10,
            0x01, 0x07, 0x8c, 0xfc, 0x09, 0x00, 0x04, 0x10, 0x01, 0x03, 0x28, 0xa0, 0x09, 0x00,
            0x11, 0x84, 0x00, 0x00, 0x90, 0xfc, 0x09, 0x00, 0x91, 0x84, 0x00, 0x00, 0x94, 0xfc,
            0x09, 0x00, 0x93, 0x04, 0x42, 0x08, 0x24, 0xfb, 0x09, 0x00, 0x93, 0x04, 0x22, 0x02,
            0x98, 0xfc, 0x09, 0x00, 0x11, 0x85, 0x00, 0x00, 0x6c, 0xda, 0x09, 0x00, 0x04, 0x41,
            0x00, 0x02, 0x9c, 0xfc, 0x09, 0x00, 0x04, 0x41, 0x00, 0x06, 0x28, 0xf0, 0x09, 0x00,
            0x14, 0x00, 0x10, 0x03, 0xa0, 0xfc, 0x09, 0x00, 0x14, 0x00, 0x10, 0x07, 0xb0, 0xda,
            0x09, 0x00, 0x04, 0x01, 0x80, 0x00, 0xa4, 0xfc, 0x09, 0x00, 0x11, 0x24, 0x00, 0x00,
            0xa8, 0xfc, 0x09, 0x00, 0x91, 0x24, 0x00, 0x00, 0xac, 0xfc, 0x09, 0x00, 0x11, 0x25,
            0x00, 0x00, 0xb0, 0xfc, 0x09, 0x00, 0x04, 0x04, 0x08, 0x81, 0xb4, 0xfc, 0x09, 0x00,
            0x04, 0x01, 0x08, 0x01, 0xb8, 0xfc, 0x09, 0x00, 0x04, 0x05, 0x08, 0x81, 0x64, 0x14,
            0x0a, 0x00, 0x14, 0x00, 0x10, 0x02, 0xbc, 0xfc, 0x09, 0x00, 0x14, 0x00, 0x10, 0x06,
            0x44, 0xb0, 0x09, 0x00, 0x04, 0x08, 0x01, 0x01, 0xc8, 0xf6, 0x0a, 0x00, 0x04, 0x08,
            0x01, 0x05, 0x20, 0xd3, 0x09, 0x00, 0x24, 0x20, 0x00, 0x01, 0xc0, 0xfc, 0x09, 0x00,
            0x24, 0x20, 0x00, 0x05, 0xa8, 0xac, 0x09, 0x00, 0x24, 0x00, 0x01, 0x01, 0xc4, 0xfc,
            0x09, 0x00, 0x24, 0x00, 0x01, 0x05, 0x3c, 0xdb, 0x09, 0x00, 0x11, 0x90, 0x10, 0x00,
            0xc8, 0xfc, 0x09, 0x00, 0x91, 0x90, 0x10, 0x00, 0xcc, 0xfc, 0x09, 0x00, 0x11, 0x91,
            0x10, 0x00, 0x18, 0xfb, 0x09, 0x00, 0x93, 0x90, 0x90, 0x82, 0x1c, 0xb1, 0x09, 0x00,
            0x14, 0x20, 0x00, 0x02, 0xd0, 0xfc, 0x09, 0x00, 0x04, 0x50, 0x00, 0x02, 0xd4, 0xfc,
            0x09, 0x00, 0x14, 0x20, 0x00, 0x06, 0x98, 0xb2, 0x09, 0x00, 0x44, 0x00, 0x01, 0x01,
            0x3c, 0xa2, 0x09, 0x00, 0x44, 0x00, 0x01, 0x05, 0x48, 0xc4, 0x09, 0x00, 0x04, 0x01,
            0x01, 0x00, 0xd8, 0xfc, 0x09, 0x00, 0x04, 0x01, 0x01, 0x04, 0x78, 0x12, 0x0a, 0x00,
            0x14, 0x80, 0x00, 0x02, 0xdc, 0xfc, 0x09, 0x00, 0x04, 0x10, 0x02, 0x02, 0xf8, 0x13,
            0x0a, 0x00, 0x04, 0x10, 0x01, 0x02, 0xe0, 0xfc, 0x09, 0x00, 0x14, 0x80, 0x00, 0x06,
            0xe4, 0xfc, 0x09, 0x00, 0x04, 0x10, 0x02, 0x06, 0xe8, 0xfc, 0x09, 0x00, 0x04, 0x10,
            0x01, 0x06, 0x4c, 0xaa, 0x09, 0x00, 0x11, 0x30, 0x10, 0x00, 0xec, 0xfc, 0x09, 0x00,
            0x91, 0x30, 0x10, 0x00, 0xf0, 0xfc, 0x09, 0x00, 0x11, 0x31, 0x10, 0x00, 0x58, 0xda,
            0x09, 0x00, 0x04, 0x41, 0x00, 0x03, 0xf4, 0xfc, 0x09, 0x00, 0x04, 0x41, 0x00, 0x07,
            0x0c, 0x13, 0x0a, 0x00, 0x04, 0x24, 0x10, 0x81, 0x68, 0xda, 0x09, 0x00, 0x04, 0x01,
            0x10, 0x00, 0x0c, 0x1b, 0x0a, 0x00, 0x11, 0x24, 0x10, 0x00, 0xf8, 0xfc, 0x09, 0x00,
            0x91, 0x24, 0x10, 0x00, 0x38, 0xda, 0x09, 0x00, 0x04, 0x01, 0x01, 0x01, 0x60, 0xdb,
            0x09, 0x00, 0x11, 0x04, 0x04, 0x00, 0x14, 0x01, 0x0a, 0x00, 0x00, 0x00, 0x00, 0x00,
            0x9c, 0xfa, 0x09, 0x00, 0x00, 0x00, 0x00, 0x00, 0x28, 0xfb, 0x09, 0x00, 0x21, 0x84,
            0x10, 0x00, 0x2c, 0xfb, 0x09, 0x00, 0xa1, 0x84, 0x10, 0x00, 0xfc, 0xfc, 0x09, 0x00,
            0xa1, 0x08, 0x02, 0x00, 0x00, 0xfd, 0x09, 0x00, 0xa1, 0x0a, 0x02, 0x00, 0x34, 0xfb,
            0x09, 0x00, 0x61, 0x08, 0x04, 0x00, 0x38, 0xfb, 0x09, 0x00, 0x21, 0x09, 0x04, 0x00,
            0x3c, 0xfb, 0x09, 0x00, 0x21, 0x04, 0x12, 0x00, 0x40, 0xfb, 0x09, 0x00, 0xa1, 0x04,
            0x12, 0x00, 0x44, 0xfb, 0x09, 0x00, 0xa3, 0x04, 0x32, 0x81, 0x48, 0xfb, 0x09, 0x00,
            0x21, 0x05, 0x12, 0x00, 0x4c, 0xfb, 0x09, 0x00, 0xa3, 0x08, 0x81, 0x82, 0x50, 0xfb,
            0x09, 0x00, 0x21, 0x10, 0x08, 0x00, 0x04, 0xfd, 0x09, 0x00, 0xa1, 0x10, 0x08, 0x00,
            0x54, 0xfb, 0x09, 0x00, 0xa3, 0x10, 0x92, 0x81, 0x58, 0xfb, 0x09, 0x00, 0x21, 0x04,
            0x02, 0x00, 0x5c, 0xfb, 0x09, 0x00, 0xa1, 0x04, 0x02, 0x00, 0x60, 0xfb, 0x09, 0x00,
            0xa3, 0x04, 0x22, 0x01, 0x64, 0xfb, 0x09, 0x00, 0x21, 0x44, 0x00, 0x00, 0x68, 0xfb,
            0x09, 0x00, 0xa3, 0x44, 0x40, 0x08, 0x6c, 0xfb, 0x09, 0x00, 0x21, 0x10, 0x12, 0x00,
            0x70, 0xfb, 0x09, 0x00, 0xa1, 0x10, 0x12, 0x00, 0x74, 0xfb, 0x09, 0x00, 0xa3, 0x10,
            0x32, 0x02, 0x78, 0xfb, 0x09, 0x00, 0xa3, 0x10, 0x32, 0x02, 0x7c, 0xfb, 0x09, 0x00,
            0x21, 0x10, 0x18, 0x00, 0x80, 0xfb, 0x09, 0x00, 0x21, 0x50, 0x10, 0x00, 0x84, 0xfb,
            0x09, 0x00, 0xa3, 0x50, 0x50, 0x08, 0x88, 0xfb, 0x09, 0x00, 0x21, 0x10, 0x02, 0x00,
            0x8c, 0xfb, 0x09, 0x00, 0x21, 0x44, 0x10, 0x00, 0x90, 0xfb, 0x09, 0x00, 0x21, 0x08,
            0x08, 0x00, 0x94, 0xfb, 0x09, 0x00, 0xa1, 0x08, 0x08, 0x00, 0x98, 0xfb, 0x09, 0x00,
            0xa3, 0x08, 0x28, 0x02, 0x9c, 0xfb, 0x09, 0x00, 0xa3, 0x08, 0x88, 0x82, 0xa0, 0xfb,
            0x09, 0x00, 0x21, 0x11, 0x08, 0x00, 0x1c, 0xfb, 0x09, 0x00, 0x21, 0x84, 0x00, 0x00,
            0xa4, 0xfb, 0x09, 0x00, 0xa1, 0x84, 0x00, 0x00, 0xa8, 0xfb, 0x09, 0x00, 0xa3, 0x04,
            0x42, 0x08, 0x20, 0xfb, 0x09, 0x00, 0xa3, 0x04, 0x22, 0x02, 0xac, 0xfb, 0x09, 0x00,
            0x21, 0x85, 0x00, 0x00, 0xb0, 0xfb, 0x09, 0x00, 0x21, 0x24, 0x00, 0x00, 0xb4, 0xfb,
            0x09, 0x00, 0xa1, 0x24, 0x00, 0x00, 0xb8, 0xfb, 0x09, 0x00, 0x21, 0x25, 0x00, 0x00,
            0x10, 0xfb, 0x09, 0x00, 0x21, 0x90, 0x10, 0x00, 0xbc, 0xfb, 0x09, 0x00, 0xa1, 0x90,
            0x10, 0x00, 0xc0, 0xfb, 0x09, 0x00, 0x21, 0x91, 0x10, 0x00, 0x14, 0xfb, 0x09, 0x00,
            0xa3, 0x90, 0x90, 0x82, 0xc4, 0xfb, 0x09, 0x00, 0x21, 0x30, 0x10, 0x00, 0xc8, 0xfb,
            0x09, 0x00, 0xa1, 0x30, 0x10, 0x00, 0xcc, 0xfb, 0x09, 0x00, 0x21, 0x31, 0x10, 0x00,
            0xd0, 0xfb, 0x09, 0x00, 0x21, 0x24, 0x10, 0x00, 0xd4, 0xfb, 0x09, 0x00, 0xa1, 0x24,
            0x10, 0x00, 0xd8, 0xfb, 0x09, 0x00, 0x21, 0x04, 0x04, 0x00, 0xdc, 0xfb, 0x09, 0x00,
            0x11, 0x84, 0x10, 0x00, 0xe0, 0xfb, 0x09, 0x00, 0x91, 0x84, 0x10, 0x00, 0x08, 0xfd,
            0x09, 0x00, 0x91, 0x08, 0x02, 0x00, 0x0c, 0xfd, 0x09, 0x00, 0x91, 0x0a, 0x02, 0x00,
            0x10, 0xfd, 0x09, 0x00, 0x14, 0x00, 0x01, 0x03, 0x64, 0xe9, 0x0a, 0x00, 0x51, 0x08,
            0x04, 0x00, 0xe8, 0xfb, 0x09, 0x00, 0x51, 0x08, 0x04, 0x00, 0xec, 0xfb, 0x09, 0x00,
            0x11, 0x09, 0x04, 0x00, 0x14, 0xfd, 0x09, 0x00, 0x04, 0x25, 0x10, 0x81, 0xf0, 0xfb,
            0x09, 0x00, 0x11, 0x04, 0x12, 0x00, 0xf4, 0xfb, 0x09, 0x00, 0x91, 0x04, 0x12, 0x00,
            0xf8, 0xfb, 0x09, 0x00, 0x93, 0x04, 0x32, 0x81, 0xfc, 0xfb, 0x09, 0x00, 0x11, 0x05,
            0x12, 0x00, 0x00, 0xfc, 0x09, 0x00, 0x04, 0x08, 0x01, 0x09, 0x08, 0xfc, 0x09, 0x00,
            0x24, 0x20, 0x00, 0x09, 0x04, 0xfc, 0x09, 0x00, 0x24, 0x00, 0x01, 0x09, 0x64, 0xa7,
            0x09, 0x00, 0x14, 0x00, 0x80, 0x01, 0x8c, 0xda, 0x09, 0x00, 0x51, 0x08, 0x01, 0x00,
            0x0c, 0xfc, 0x09, 0x00, 0x93, 0x08, 0x81, 0x82, 0xf8, 0xd2, 0x09, 0x00, 0x11, 0x10,
            0x08, 0x00, 0x18, 0xfd, 0x09, 0x00, 0x91, 0x10, 0x08, 0x00, 0x10, 0xfc, 0x09, 0x00,
            0x93, 0x10, 0x92, 0x81, 0x14, 0xfc, 0x09, 0x00, 0x04, 0x24, 0x00, 0x01, 0x18, 0xfc,
            0x09, 0x00, 0x04, 0x01, 0x08, 0x00, 0xfc, 0xf6, 0x09, 0x00, 0x04, 0x81, 0x00, 0x03,
            0x0c, 0xb9, 0x09, 0x00, 0x11, 0x04, 0x02, 0x00, 0x1c, 0xfc, 0x09, 0x00, 0x91, 0x04,
            0x02, 0x00, 0x20, 0xfc, 0x09, 0x00, 0x93, 0x04, 0x22, 0x01, 0x4c, 0xf5, 0x09, 0x00,
            0x04, 0x04, 0x10, 0x01, 0x28, 0xfc, 0x09, 0x00, 0x04, 0x24, 0x08, 0x81, 0x10, 0xf4,
            0x09, 0x00, 0x11, 0x44, 0x00, 0x00, 0x2c, 0xfc, 0x09, 0x00, 0x93, 0x44, 0x40, 0x08,
            0x30, 0xfc, 0x09, 0x00, 0x24, 0x00, 0x08, 0x01, 0x34, 0xfc, 0x09, 0x00, 0x24, 0x00,
            0x08, 0x05, 0xc4, 0xf5, 0x09, 0x00, 0x04, 0x01, 0x08, 0x01, 0x38, 0xfc, 0x09, 0x00,
            0x04, 0x08, 0x08, 0x05, 0xec, 0xf6, 0x09, 0x00, 0x24, 0x00, 0x10, 0x01, 0xa8, 0xf4,
            0x09, 0x00, 0x11, 0x10, 0x12, 0x00, 0x3c, 0xfc, 0x09, 0x00, 0x91, 0x10, 0x12, 0x00,
            0x40, 0xfc, 0x09, 0x00, 0x93, 0x10, 0x32, 0x02, 0x44, 0xfc, 0x09, 0x00, 0x93, 0x10,
            0x32, 0x02, 0x4c, 0xfc, 0x09, 0x00, 0x11, 0x10, 0x18, 0x00, 0x64, 0xf5, 0x09, 0x00,
            0x44, 0x00, 0x20, 0x01, 0x5c, 0xf4, 0x09, 0x00, 0x04, 0x01, 0x02, 0x00, 0x50, 0xfc,
            0x09, 0x00, 0x04, 0x01, 0x02, 0x04, 0x08, 0xb8, 0x09, 0x00, 0x04, 0x81, 0x00, 0x02,
            0x1c, 0xfd, 0x09, 0x00, 0x04, 0x08, 0x01, 0x01, 0x54, 0xfc, 0x09, 0x00, 0x11, 0x50,
            0x10, 0x00, 0x58, 0xfc, 0x09, 0x00, 0x93, 0x50, 0x50, 0x08, 0x5c, 0xda, 0x09, 0x00,
            0x11, 0x10, 0x02, 0x00, 0x5c, 0xfc, 0x09, 0x00, 0x11, 0x44, 0x10, 0x00, 0x60, 0xfc,
            0x09, 0x00, 0x04, 0x01, 0x02, 0x01, 0x54, 0xdc, 0x09, 0x00, 0x11, 0x08, 0x08, 0x00,
            0x64, 0xfc, 0x09, 0x00, 0x91, 0x08, 0x08, 0x00, 0x68, 0xfc, 0x09, 0x00, 0x93, 0x08,
            0x28, 0x02, 0x6c, 0xfc, 0x09, 0x00, 0x93, 0x08, 0x88, 0x82, 0x70, 0xfc, 0x09, 0x00,
            0x11, 0x11, 0x08, 0x00, 0x74, 0xfc, 0x09, 0x00, 0x14, 0x20, 0x00, 0x03, 0x78, 0xfc,
            0x09, 0x00, 0x14, 0x20, 0x00, 0x07, 0x00, 0xe9, 0x0a, 0x00, 0x14, 0x80, 0x00, 0x03,
            0x7c, 0xfc, 0x09, 0x00, 0x04, 0x10, 0x02, 0x03, 0x80, 0xfc, 0x09, 0x00, 0x14, 0x80,
            0x00, 0x07, 0x84, 0xfc, 0x09, 0x00, 0x04, 0x10, 0x02, 0x07, 0x88, 0xfc, 0x09, 0x00,
            0x04, 0x10, 0x01, 0x07, 0x8c, 0xfc, 0x09, 0x00, 0x04, 0x10, 0x01, 0x03, 0x28, 0xa0,
            0x09, 0x00, 0x11, 0x84, 0x00, 0x00, 0x90, 0xfc, 0x09, 0x00, 0x91, 0x84, 0x00, 0x00,
            0x94, 0xfc, 0x09, 0x00, 0x93, 0x04, 0x42, 0x08, 0x24, 0xfb, 0x09, 0x00, 0x93, 0x04,
            0x22, 0x02, 0x98, 0xfc, 0x09, 0x00, 0x11, 0x85, 0x00, 0x00, 0x6c, 0xda, 0x09, 0x00,
            0x04, 0x41, 0x00, 0x02, 0x9c, 0xfc, 0x09, 0x00, 0x04, 0x41, 0x00, 0x06, 0x28, 0xf0,
            0x09, 0x00, 0x14, 0x00, 0x10, 0x03, 0xa0, 0xfc, 0x09, 0x00, 0x14, 0x00, 0x10, 0x07,
            0xb0, 0xda, 0x09, 0x00, 0x04, 0x01, 0x80, 0x00, 0xa4, 0xfc, 0x09, 0x00, 0x11, 0x24,
            0x00, 0x00, 0xa8, 0xfc, 0x09, 0x00, 0x91, 0x24, 0x00, 0x00, 0xac, 0xfc, 0x09, 0x00,
            0x11, 0x25, 0x00, 0x00, 0xb0, 0xfc, 0x09, 0x00, 0x04, 0x04, 0x08, 0x81, 0xb8, 0xfc,
            0x09, 0x00, 0x04, 0x05, 0x08, 0x81, 0xb4, 0xfc, 0x09, 0x00, 0x14, 0x00, 0x08, 0x01,
            0x64, 0x14, 0x0a, 0x00, 0x14, 0x00, 0x10, 0x02, 0xbc, 0xfc, 0x09, 0x00, 0x14, 0x00,
            0x10, 0x06, 0x44, 0xb0, 0x09, 0x00, 0x04, 0x08, 0x01, 0x01, 0xc8, 0xf6, 0x0a, 0x00,
            0x04, 0x08, 0x01, 0x05, 0x20, 0xd3, 0x09, 0x00, 0x24, 0x20, 0x00, 0x01, 0xc0, 0xfc,
            0x09, 0x00, 0x24, 0x20, 0x00, 0x05, 0xa8, 0xac, 0x09, 0x00, 0x24, 0x00, 0x01, 0x01,
            0xc4, 0xfc, 0x09, 0x00, 0x24, 0x00, 0x01, 0x05, 0x3c, 0xdb, 0x09, 0x00, 0x11, 0x90,
            0x10, 0x00, 0xc8, 0xfc, 0x09, 0x00, 0x91, 0x90, 0x10, 0x00, 0xcc, 0xfc, 0x09, 0x00,
            0x11, 0x91, 0x10, 0x00, 0x18, 0xfb, 0x09, 0x00, 0x93, 0x90, 0x90, 0x82, 0x1c, 0xb1,
            0x09, 0x00, 0x14, 0x20, 0x00, 0x02, 0xd0, 0xfc, 0x09, 0x00, 0x04, 0x50, 0x00, 0x02,
            0xd4, 0xfc, 0x09, 0x00, 0x14, 0x20, 0x00, 0x06, 0x98, 0xb2, 0x09, 0x00, 0x44, 0x00,
            0x01, 0x01, 0x3c, 0xa2, 0x09, 0x00, 0x44, 0x00, 0x01, 0x05, 0x48, 0xc4, 0x09, 0x00,
            0x04, 0x01, 0x01, 0x00, 0xd8, 0xfc, 0x09, 0x00, 0x04, 0x01, 0x01, 0x04, 0x78, 0x12,
            0x0a, 0x00, 0x14, 0x80, 0x00, 0x02, 0xdc, 0xfc, 0x09, 0x00, 0x04, 0x10, 0x02, 0x02,
            0xf8, 0x13, 0x0a, 0x00, 0x04, 0x10, 0x01, 0x02, 0xe0, 0xfc, 0x09, 0x00, 0x14, 0x80,
            0x00, 0x06, 0xe4, 0xfc, 0x09, 0x00, 0x04, 0x10, 0x02, 0x06, 0xe8, 0xfc, 0x09, 0x00,
            0x04, 0x10, 0x01, 0x06, 0x4c, 0xaa, 0x09, 0x00, 0x11, 0x30, 0x10, 0x00, 0xec, 0xfc,
            0x09, 0x00, 0x91, 0x30, 0x10, 0x00, 0xf0, 0xfc, 0x09, 0x00, 0x11, 0x31, 0x10, 0x00,
            0x58, 0xda, 0x09, 0x00, 0x04, 0x41, 0x00, 0x03, 0xf4, 0xfc, 0x09, 0x00, 0x04, 0x41,
            0x00, 0x07, 0x0c, 0x13, 0x0a, 0x00, 0x04, 0x24, 0x10, 0x81, 0x68, 0xda, 0x09, 0x00,
            0x04, 0x01, 0x10, 0x00, 0x0c, 0x1b, 0x0a, 0x00, 0x11, 0x24, 0x10, 0x00, 0xf8, 0xfc,
            0x09, 0x00, 0x91, 0x24, 0x10, 0x00, 0x38, 0xda, 0x09, 0x00, 0x04, 0x01, 0x01, 0x01,
            0x60, 0xdb, 0x09, 0x00, 0x11, 0x04, 0x04, 0x00, 0x14, 0x01, 0x0a, 0x00, 0x00, 0x00,
            0x00, 0x00, 0x9c, 0xfa, 0x09, 0x00, 0x00, 0x00, 0x00, 0x00, 0x01, 0x00, 0x00, 0x00,
            0x00, 0x00, 0x00, 0x00, 0x10, 0x00, 0x00, 0x00, 0x00, 0x00, 0x00, 0x00, 0x00, 0x00,
            0x00, 0x00, 0x00, 0x00, 0x00, 0x00, 0x00, 0x00, 0x00, 0x00, 0x00, 0x00, 0x00, 0x00,
            0x00, 0x00, 0x00, 0x00, 0x00, 0x00, 0x00, 0x00, 0x00, 0x00, 0x00, 0x00, 0x00, 0x00,
            0x00, 0x00, 0x00, 0x00, 0x00, 0x00, 0x00, 0x00, 0x00, 0x00, 0x00, 0x00, 0x00, 0x00,
            0x00, 0x00, 0x00, 0x00, 0x10, 0x00, 0x00, 0x00, 0x00, 0x00, 0x00, 0x00, 0x00, 0x00,
            0x00, 0x00, 0x00, 0x00, 0x00, 0x00, 0x00, 0x00, 0x00, 0x00, 0x00, 0x00, 0x00, 0x00,
            0x00, 0x00, 0x00, 0x00, 0x00, 0x00, 0x00, 0x00, 0x00, 0x00, 0x00, 0x00, 0x00, 0x00,
            0x00, 0x00, 0x00, 0x00, 0x00, 0x00, 0x00, 0x00, 0x00, 0x00, 0x00, 0x00, 0x00, 0x00,
            0x00, 0x00, 0x00, 0x00, 0x00, 0x00, 0x00, 0x00, 0x00, 0x00, 0x00, 0x00, 0x01, 0x00,
            0x00, 0x00, 0x00, 0x00, 0x28, 0x00, 0x10, 0x00, 0x00, 0x00, 0x00, 0x00, 0x00, 0x00,
            0x00, 0x00, 0x00, 0x00, 0x00, 0x00, 0x00, 0x00, 0x00, 0x00, 0x00, 0x00, 0x00, 0x00,
            0x00, 0x00, 0x00, 0x00, 0x00, 0x00, 0x00, 0x00, 0x00, 0x00, 0x00, 0x00, 0x00, 0x00,
            0x00, 0x00, 0x00, 0x00, 0x00, 0x00, 0x00, 0x00, 0x00, 0x00, 0x00, 0x00, 0x00, 0x00,
            0x00, 0x00, 0x00, 0x00, 0x00, 0x00, 0x01, 0x00, 0x00, 0x00, 0x00, 0x00, 0xce, 0xff,
            0x10, 0x00, 0x00, 0x00, 0x00, 0x00, 0x00, 0x00, 0x00, 0x00, 0x00, 0x00, 0x00, 0x00,
            0x00, 0x00, 0x00, 0x00, 0x00, 0x00, 0x00, 0x00, 0x00, 0x00, 0x00, 0x00, 0x00, 0x00,
            0x00, 0x00, 0x00, 0x00, 0x00, 0x00, 0x00, 0x00, 0x00, 0x00, 0x00, 0x00, 0x00, 0x00,
            0x00, 0x00, 0x00, 0x00, 0x00, 0x00, 0x00, 0x00, 0x00, 0x00, 0x00, 0x00, 0x00, 0x00,
            0x01, 0x00, 0x00, 0x00, 0x00, 0x00, 0x50, 0x00, 0x09, 0x00, 0x00, 0x00, 0x00, 0x00,
            0x8c, 0x00, 0x0a, 0x00, 0x00, 0x00, 0x01, 0x00, 0xf6, 0xff, 0x10, 0x00, 0x00, 0x00,
            0x00, 0x00, 0x00, 0x00, 0x00, 0x00, 0x00, 0x00, 0x00, 0x00, 0x00, 0x00, 0x00, 0x00,
            0x00, 0x00, 0x00, 0x00, 0x00, 0x00, 0x00, 0x00, 0x00, 0x00, 0x00, 0x00, 0x00, 0x00,
            0x00, 0x00, 0x00, 0x00, 0x00, 0x00, 0x00, 0x00, 0x01, 0x00, 0x00, 0x00, 0x00, 0x00,
            0x50, 0x00, 0x09, 0x00, 0x00, 0x00, 0x00, 0x00, 0x8c, 0x00, 0x10, 0x00, 0x00, 0x00,
            0x00, 0x00, 0x00, 0x00, 0x00, 0x00, 0x00, 0x00, 0x00, 0x00, 0x00, 0x00, 0x00, 0x00,
            0x00, 0x00, 0x00, 0x00, 0x00, 0x00, 0x00, 0x00, 0x00, 0x00, 0x00, 0x00, 0x00, 0x00,
            0x00, 0x00, 0x00, 0x00, 0x00, 0x00, 0x00, 0x00, 0x00, 0x00, 0x00, 0x00, 0x00, 0x00,
            0x00, 0x00, 0x01, 0x00, 0x00, 0x00, 0x00, 0x00, 0x3c, 0x00, 0x09, 0x00, 0x00, 0x00,
            0x01, 0x00, 0x00, 0x00, 0x10, 0x00, 0x00, 0x00, 0x00, 0x00, 0x00, 0x00, 0x00, 0x00,
            0x00, 0x00, 0x00, 0x00, 0x00, 0x00, 0x00, 0x00, 0x00, 0x00, 0x00, 0x00, 0x00, 0x00,
            0x00, 0x00, 0x00, 0x00, 0x00, 0x00, 0x00, 0x00, 0x00, 0x00, 0x00, 0x00, 0x00, 0x00,
            0x00, 0x00, 0x00, 0x00, 0x00, 0x00, 0x00, 0x00, 0x00, 0x00, 0x01, 0x00, 0x00, 0x00,
            0x00, 0x00, 0x32, 0x00, 0x09, 0x00, 0x00, 0x00, 0x01, 0x00, 0xe2, 0xff, 0x10, 0x00,
            0x00, 0x00, 0x00, 0x00, 0x00, 0x00, 0x00, 0x00, 0x00, 0x00, 0x00, 0x00, 0x00, 0x00,
            0x00, 0x00, 0x00, 0x00, 0x00, 0x00, 0x00, 0x00, 0x00, 0x00, 0x00, 0x00, 0x00, 0x00,
            0x00, 0x00, 0x00, 0x00, 0x00, 0x00, 0x00, 0x00, 0x00, 0x00, 0x00, 0x00, 0x00, 0x00,
            0x00, 0x00, 0x00, 0x00, 0x01, 0x00, 0x00, 0x00, 0x00, 0x00, 0x14, 0x00, 0x09, 0x00,
            0x00, 0x00, 0x01, 0x00, 0x3c, 0x00, 0x0a, 0x00, 0x00, 0x00, 0x01, 0x00, 0x1e, 0x00,
            0x10, 0x00, 0x00, 0x00, 0x00, 0x00, 0x00, 0x00, 0x00, 0x00, 0x00, 0x00, 0x00, 0x00,
            0x00, 0x00, 0x00, 0x00, 0x00, 0x00, 0x00, 0x00, 0x00, 0x00, 0x00, 0x00, 0x00, 0x00,
            0x00, 0x00, 0x00, 0x00, 0x00, 0x00, 0x00, 0x00, 0x00, 0x00, 0x00, 0x00, 0x01, 0x00,
            0x00, 0x00, 0x00, 0x00, 0xec, 0xff, 0x0c, 0x00, 0x00, 0x00, 0xff, 0x00, 0x00, 0x00,
            0x09, 0x00, 0x00, 0x00, 0xff, 0x00, 0x0a, 0x00, 0x0e, 0x00, 0x00, 0x00, 0xff, 0x00,
            0x00, 0x00, 0x0a, 0x00, 0x00, 0x00, 0xff, 0x00, 0xec, 0xff, 0x0a, 0x00, 0x00, 0x00,
            0x01, 0x00, 0xec, 0xff, 0x10, 0x00, 0x00, 0x00, 0x00, 0x00, 0x00, 0x00, 0x00, 0x00,
            0x00, 0x00, 0x00, 0x00, 0x00, 0x00, 0x01, 0x00, 0x00, 0x00, 0x00, 0x00, 0xce, 0xff,
            0x09, 0x00, 0x00, 0x00, 0x01, 0x00, 0x0a, 0x00, 0x05, 0x00, 0x00, 0x00, 0x00, 0x00,
            0xf6, 0xff, 0x10, 0x00, 0x00, 0x00, 0x00, 0x00, 0x00, 0x00, 0x00, 0x00, 0x00, 0x00,
            0x00, 0x00, 0x00, 0x00, 0x00, 0x00, 0x00, 0x00, 0x00, 0x00, 0x00, 0x00, 0x00, 0x00,
            0x00, 0x00, 0x00, 0x00, 0x00, 0x00, 0x00, 0x00, 0x00, 0x00, 0x00, 0x00, 0x00, 0x00,
            0x01, 0x00, 0x00, 0x00, 0x00, 0x00, 0xce, 0xff, 0x09, 0x00, 0x00, 0x00, 0x01, 0x00,
            0x0a, 0x00, 0x05, 0x00, 0x00, 0x00, 0x00, 0x00, 0x00, 0x00, 0x10, 0x00, 0x00, 0x00,
            0x00, 0x00, 0x00, 0x00, 0x00, 0x00, 0x00, 0x00, 0x00, 0x00, 0x00, 0x00, 0x00, 0x00,
            0x00, 0x00, 0x00, 0x00, 0x00, 0x00, 0x00, 0x00, 0x00, 0x00, 0x00, 0x00, 0x00, 0x00,
            0x00, 0x00, 0x00, 0x00, 0x00, 0x00, 0x00, 0x00, 0x00, 0x00, 0x00, 0x00, 0x00, 0x00,
            0xec, 0xff, 0x01, 0x00, 0x00, 0x00, 0x00, 0x00, 0x00, 0x00, 0x04, 0x00, 0x00, 0x00,
            0x01, 0x00, 0x00, 0x00, 0x09, 0x00, 0x00, 0x00, 0x01, 0x00, 0x0a, 0x00, 0x10, 0x00,
            0x00, 0x00, 0x00, 0x00, 0x00, 0x00, 0x00, 0x00, 0x00, 0x00, 0x00, 0x00, 0x00, 0x00,
            0x00, 0x00, 0x00, 0x00, 0x00, 0x00, 0x00, 0x00, 0x00, 0x00, 0x00, 0x00, 0x00, 0x00,
            0x00, 0x00, 0x01, 0x00, 0x00, 0x00, 0x00, 0x00, 0xec, 0xff, 0x10, 0x00, 0x00, 0x00,
            0x00, 0x00, 0x00, 0x00, 0x00, 0x00, 0x00, 0x00, 0x00, 0x00, 0x00, 0x00, 0x00, 0x00,
            0x00, 0x00, 0x00, 0x00, 0x00, 0x00, 0x00, 0x00, 0x00, 0x00, 0x00, 0x00, 0x00, 0x00,
            0x00, 0x00, 0x00, 0x00, 0x00, 0x00, 0x00, 0x00, 0x00, 0x00, 0x00, 0x00, 0x00, 0x00,
            0x00, 0x00, 0x00, 0x00, 0x00, 0x00, 0x00, 0x00, 0x00, 0x00, 0x01, 0x00, 0x00, 0x00,
            0x00, 0x00, 0x0a, 0x00, 0x10, 0x00, 0x00, 0x00, 0x00, 0x00, 0x00, 0x00, 0x00, 0x00,
            0x00, 0x00, 0x00, 0x00, 0x00, 0x00, 0x00, 0x00, 0x00, 0x00, 0x00, 0x00, 0x00, 0x00,
            0x00, 0x00, 0x00, 0x00, 0x00, 0x00, 0x00, 0x00, 0x00, 0x00, 0x00, 0x00, 0x00, 0x00,
            0x00, 0x00, 0x00, 0x00, 0x00, 0x00, 0x00, 0x00, 0x00, 0x00, 0x00, 0x00, 0x00, 0x00,
            0x00, 0x00, 0x00, 0x00, 0x01, 0x00, 0x00, 0x00, 0x00, 0x00, 0x00, 0x00, 0x09, 0x00,
            0x00, 0x00, 0x00, 0x00, 0x28, 0x00, 0x09, 0x00, 0x00, 0x00, 0x01, 0x00, 0x50, 0x00,
            0x05, 0x00, 0x00, 0x00, 0x00, 0x00, 0x50, 0x00, 0x10, 0x00, 0x00, 0x00, 0x00, 0x00,
            0x00, 0x00, 0x00, 0x00, 0x00, 0x00, 0x00, 0x00, 0x00, 0x00, 0x00, 0x00, 0x00, 0x00,
            0x00, 0x00, 0x00, 0x00, 0x00, 0x00, 0x00, 0x00, 0x00, 0x00, 0x00, 0x00, 0x03, 0x00,
            0x00, 0x00, 0x00, 0x00, 0x0a, 0x00, 0x09, 0x00, 0x00, 0x00, 0xff, 0x00, 0xf6, 0xff,
            0x09, 0x00, 0x00, 0x00, 0x00, 0x00, 0xe2, 0xff, 0x05, 0x00, 0x00, 0x00, 0x00, 0x00,
            0x0a, 0x00, 0x10, 0x00, 0x00, 0x00, 0x00, 0x00, 0x00, 0x00, 0x00, 0x00, 0x00, 0x00,
            0x00, 0x00, 0x00, 0x00, 0x00, 0x00, 0x00, 0x00, 0x00, 0x00, 0x00, 0x00, 0x00, 0x00,
            0x00, 0x00, 0x00, 0x00, 0x00, 0x00, 0x01, 0x00, 0x00, 0x00, 0x00, 0x00, 0x14, 0x00,
            0x09, 0x00, 0x00, 0x00, 0x01, 0x00, 0x1e, 0x00, 0x10, 0x00, 0x00, 0x00, 0x00, 0x00,
            0x00, 0x00, 0x00, 0x00, 0x00, 0x00, 0x00, 0x00, 0x00, 0x00, 0x00, 0x00, 0x00, 0x00,
            0x00, 0x00, 0x00, 0x00, 0x00, 0x00, 0x00, 0x00, 0x00, 0x00, 0x00, 0x00, 0x00, 0x00,
            0x00, 0x00, 0x00, 0x00, 0x00, 0x00, 0x00, 0x00, 0x00, 0x00, 0x00, 0x00, 0x00, 0x00,
            0x01, 0x00, 0x00, 0x00, 0x00, 0x00, 0x00, 0x00, 0x09, 0x00, 0x00, 0x00, 0x00, 0x00,
            0x3c, 0x00, 0x09, 0x00, 0x00, 0x00, 0x01, 0x00, 0x64, 0x00, 0x0a, 0x00, 0x00, 0x00,
            0xff, 0x00, 0xec, 0xff, 0x0a, 0x00, 0x00, 0x00, 0x00, 0x00, 0xd8, 0xff, 0x05, 0x00,
            0x00, 0x00, 0x00, 0x00, 0x32, 0x00, 0x10, 0x00, 0x00, 0x00, 0x00, 0x00, 0x00, 0x00,
            0x00, 0x00, 0x00, 0x00, 0x00, 0x00, 0x00, 0x00, 0x01, 0x00, 0x00, 0x00, 0x00, 0x00,
            0x00, 0x00, 0x10, 0x00, 0x00, 0x00, 0x00, 0x00, 0x00, 0x00, 0x00, 0x00, 0x00, 0x00,
            0x00, 0x00, 0x00, 0x00, 0x00, 0x00, 0x00, 0x00, 0x00, 0x00, 0x00, 0x00, 0x00, 0x00,
            0x00, 0x00, 0x00, 0x00, 0x00, 0x00, 0x00, 0x00, 0x00, 0x00, 0x00, 0x00, 0x00, 0x00,
            0x00, 0x00, 0x00, 0x00, 0x00, 0x00, 0x00, 0x00, 0x00, 0x00, 0x00, 0x00, 0x00, 0x00,
            0x00, 0x00, 0x01, 0x00, 0x00, 0x00, 0x00, 0x00, 0x0a, 0x00, 0x09, 0x00, 0x00, 0x00,
            0x01, 0x00, 0x28, 0x00, 0x10, 0x00, 0x00, 0x00, 0x00, 0x00, 0x00, 0x00, 0x00, 0x00,
            0x00, 0x00, 0x00, 0x00, 0x00, 0x00, 0x00, 0x00, 0x00, 0x00, 0x00, 0x00, 0x00, 0x00,
            0x00, 0x00, 0x00, 0x00, 0x00, 0x00, 0x00, 0x00, 0x00, 0x00, 0x00, 0x00, 0x00, 0x00,
            0x00, 0x00, 0x00, 0x00, 0x00, 0x00, 0x00, 0x00, 0x00, 0x00, 0x01, 0x00, 0x00, 0x00,
            0x00, 0x00, 0x0a, 0x00, 0x10, 0x00, 0x00, 0x00, 0x00, 0x00, 0x00, 0x00, 0x00, 0x00,
            0x00, 0x00, 0x00, 0x00, 0x00, 0x00, 0x00, 0x00, 0x00, 0x00, 0x00, 0x00, 0x00, 0x00,
            0x00, 0x00, 0x00, 0x00, 0x00, 0x00, 0x00, 0x00, 0x00, 0x00, 0x00, 0x00, 0x00, 0x00,
            0x00, 0x00, 0x00, 0x00, 0x00, 0x00, 0x00, 0x00, 0x00, 0x00, 0x00, 0x00, 0x00, 0x00,
            0x00, 0x00, 0x00, 0x00, 0x03, 0x00, 0x00, 0x00, 0x00, 0x00, 0x14, 0x00, 0x09, 0x00,
            0x00, 0x00, 0x00, 0x00, 0x32, 0x00, 0x09, 0x00, 0x00, 0x00, 0x01, 0x00, 0xf6, 0xff,
            0x07, 0x00, 0x00, 0x00, 0x00, 0x00, 0xf6, 0xff, 0x07, 0x00, 0x00, 0x00, 0x01, 0x00,
            0x28, 0x00, 0x05, 0x00, 0x00, 0x00, 0x00, 0x00, 0x28, 0x00, 0x10, 0x00, 0x00, 0x00,
            0x00, 0x00, 0x00, 0x00, 0x00, 0x00, 0x00, 0x00, 0x00, 0x00, 0x00, 0x00, 0x03, 0x00,
            0x00, 0x00, 0x00, 0x00, 0x11, 0x00, 0x08, 0x00, 0x00, 0x00, 0x01, 0x00, 0x14, 0x00,
            0x09, 0x00, 0x00, 0x00, 0x00, 0x00, 0x0a, 0x00, 0x09, 0x00, 0x00, 0x00, 0x01, 0x00,
            0xe6, 0xff, 0x05, 0x00, 0x00, 0x00, 0x00, 0x00, 0x45, 0x00, 0x10, 0x00, 0x00, 0x00,
            0x00, 0x00, 0x00, 0x00, 0x00, 0x00, 0x00, 0x00, 0x00, 0x00, 0x00, 0x00, 0x00, 0x00,
            0x00, 0x00, 0x00, 0x00, 0x00, 0x00, 0x03, 0x00, 0x00, 0x00, 0x00, 0x00, 0x00, 0x00,
            0x08, 0x00, 0x00, 0x00, 0x01, 0x00, 0x19, 0x00, 0x09, 0x00, 0x00, 0x00, 0xff, 0x00,
            0x00, 0x00, 0x09, 0x00, 0x00, 0x00, 0x00, 0x00, 0x14, 0x00, 0x09, 0x00, 0x00, 0x00,
            0x01, 0x00, 0x32, 0x00, 0x05, 0x00, 0x00, 0x00, 0x00, 0x00, 0x41, 0x00, 0x10, 0x00,
            0x00, 0x00, 0x00, 0x00, 0x00, 0x00, 0x00, 0x00, 0x00, 0x00, 0x00, 0x00, 0x00, 0x00,
            0x03, 0x00, 0x00, 0x00, 0x00, 0x00, 0x00, 0x00, 0x08, 0x00, 0x00, 0x00, 0x01, 0x00,
            0x32, 0x00, 0x09, 0x00, 0x00, 0x00, 0xfe, 0x00, 0x14, 0x00, 0x09, 0x00, 0x00, 0x00,
            0x00, 0x00, 0x14, 0x00, 0x09, 0x00, 0x00, 0x00, 0x01, 0x00, 0x32, 0x00, 0x09, 0x00,
            0x00, 0x00, 0x02, 0x00, 0x5a, 0x00, 0x05, 0x00, 0x00, 0x00, 0x00, 0x00, 0x4b, 0x00,
            0x10, 0x00, 0x00, 0x00, 0x00, 0x00, 0x00, 0x00, 0x03, 0x00, 0x00, 0x00, 0x00, 0x00,
            0x00, 0x00, 0x08, 0x00, 0x00, 0x00, 0x01, 0x00, 0x2e, 0x00, 0x09, 0x00, 0x00, 0x00,
            0xff, 0x00, 0x32, 0x00, 0x09, 0x00, 0x00, 0x00, 0x00, 0x00, 0x28, 0x00, 0x09, 0x00,
            0x00, 0x00, 0x01, 0x00, 0xd3, 0xff, 0x05, 0x00, 0x00, 0x00, 0x00, 0x00, 0xd8, 0xff,
            0x10, 0x00, 0x00, 0x00, 0x00, 0x00, 0x00, 0x00, 0x00, 0x00, 0x00, 0x00, 0x00, 0x00,
            0x00, 0x00, 0x03, 0x00, 0x00, 0x00, 0x00, 0x00, 0x0d, 0x00, 0x09, 0x00, 0x00, 0x00,
            0x00, 0x00, 0x2b, 0x00, 0x09, 0x00, 0x00, 0x00, 0x01, 0x00, 0xdf, 0xff, 0x05, 0x00,
            0x00, 0x00, 0x00, 0x00, 0xd0, 0xff, 0x10, 0x00, 0x00, 0x00, 0x00, 0x00, 0x00, 0x00,
            0x00, 0x00, 0x00, 0x00, 0x00, 0x00, 0x00, 0x00, 0x00, 0x00, 0x00, 0x00, 0x00, 0x00,
            0x00, 0x00, 0x00, 0x00, 0x00, 0x00, 0x00, 0x00, 0x00, 0x00, 0x01, 0x00, 0x00, 0x00,
            0x00, 0x00, 0x00, 0x00, 0x09, 0x00, 0x00, 0x00, 0xfe, 0x00, 0x0f, 0x00, 0x09, 0x00,
            0x00, 0x00, 0x01, 0x00, 0x2d, 0x00, 0x10, 0x00, 0x00, 0x00, 0x00, 0x00, 0x00, 0x00,
            0x00, 0x00, 0x00, 0x00, 0x00, 0x00, 0x00, 0x00, 0x00, 0x00, 0x00, 0x00, 0x00, 0x00,
            0x00, 0x00, 0x00, 0x00, 0x00, 0x00, 0x00, 0x00, 0x00, 0x00, 0x00, 0x00, 0x00, 0x00,
            0x00, 0x00, 0x00, 0x00, 0x01, 0x00, 0x00, 0x00, 0x00, 0x00, 0x0a, 0x00, 0x09, 0x00,
            0x00, 0x00, 0xfe, 0x00, 0x00, 0x00, 0x09, 0x00, 0x00, 0x00, 0x01, 0x00, 0x28, 0x00,
            0x10, 0x00, 0x00, 0x00, 0x00, 0x00, 0x00, 0x00, 0x00, 0x00, 0x00, 0x00, 0x00, 0x00,
            0x00, 0x00, 0x00, 0x00, 0x00, 0x00, 0x00, 0x00, 0x00, 0x00, 0x00, 0x00, 0x00, 0x00,
            0x00, 0x00, 0x00, 0x00, 0x00, 0x00, 0x00, 0x00, 0x00, 0x00, 0x00, 0x00, 0x01, 0x00,
            0x00, 0x00, 0x00, 0x00, 0xfc, 0xff, 0x09, 0x00, 0x00, 0x00, 0x01, 0x00, 0xd3, 0xff,
            0x05, 0x00, 0x00, 0x00, 0x00, 0x00, 0x10, 0x00, 0x10, 0x00, 0x00, 0x00, 0x00, 0x00,
            0x00, 0x00, 0x00, 0x00, 0x00, 0x00, 0x00, 0x00, 0x00, 0x00, 0x00, 0x00, 0x00, 0x00,
            0x00, 0x00, 0x00, 0x00, 0x00, 0x00, 0x00, 0x00, 0x00, 0x00, 0x00, 0x00, 0x00, 0x00,
            0x00, 0x00, 0x00, 0x00, 0x00, 0x00, 0x09, 0x00, 0x00, 0x00, 0x00, 0x00, 0x00, 0x00,
            0x05, 0x00, 0x00, 0x00, 0x00, 0x00, 0x23, 0x00, 0x10, 0x00, 0x00, 0x00, 0x00, 0x00,
            0x00, 0x00, 0x00, 0x00, 0x00, 0x00, 0x00, 0x00, 0x00, 0x00, 0x00, 0x00, 0x00, 0x00,
            0x00, 0x00, 0x00, 0x00, 0x00, 0x00, 0x00, 0x00, 0x00, 0x00, 0x00, 0x00, 0x00, 0x00,
            0x00, 0x00, 0x00, 0x00, 0x00, 0x00, 0x00, 0x00, 0x00, 0x00, 0x00, 0x00, 0x00, 0x00,
            0x09, 0x00, 0x00, 0x00, 0x00, 0x00, 0xf8, 0xff, 0x09, 0x00, 0x00, 0x00, 0x02, 0x00,
            0x2d, 0x00, 0x05, 0x00, 0x00, 0x00, 0x00, 0x00, 0x0f, 0x00, 0x10, 0x00, 0x00, 0x00,
            0x00, 0x00, 0x00, 0x00, 0x00, 0x00, 0x00, 0x00, 0x00, 0x00, 0x00, 0x00, 0x00, 0x00,
            0x00, 0x00, 0x00, 0x00, 0x00, 0x00, 0x00, 0x00, 0x00, 0x00, 0x00, 0x00, 0x00, 0x00,
            0x00, 0x00, 0x00, 0x00, 0x00, 0x00, 0x00, 0x00, 0x01, 0x00, 0x00, 0x00, 0x00, 0x00,
            0x14, 0x00, 0x09, 0x00, 0x00, 0x00, 0xfe, 0x00, 0x0a, 0x00, 0x09, 0x00, 0x00, 0x00,
            0x01, 0x00, 0x2d, 0x00, 0x0a, 0x00, 0x00, 0x00, 0x00, 0x00, 0x1e, 0x00, 0x0a, 0x00,
            0x00, 0x00, 0x01, 0x00, 0xd3, 0xff, 0x05, 0x00, 0x00, 0x00, 0x00, 0x00, 0xc4, 0xff,
            0x10, 0x00, 0x00, 0x00, 0x00, 0x00, 0x00, 0x00, 0x00, 0x00, 0x00, 0x00, 0x00, 0x00,
            0x00, 0x00, 0x01, 0x00, 0x00, 0x00, 0x00, 0x00, 0x0a, 0x00, 0x09, 0x00, 0x00, 0x00,
            0xfe, 0x00, 0x0f, 0x00, 0x09, 0x00, 0x00, 0x00, 0x01, 0x00, 0x2d, 0x00, 0x10, 0x00,
            0x00, 0x00, 0x00, 0x00, 0x00, 0x00, 0x00, 0x00, 0x00, 0x00, 0x00, 0x00, 0x00, 0x00,
            0x00, 0x00, 0x00, 0x00, 0x00, 0x00, 0x00, 0x00, 0x00, 0x00, 0x00, 0x00, 0x00, 0x00,
            0x00, 0x00, 0x00, 0x00, 0x00, 0x00, 0x00, 0x00, 0x00, 0x00, 0x01, 0x00, 0x00, 0x00,
            0x00, 0x00, 0x0a, 0x00, 0x09, 0x00, 0x00, 0x00, 0xff, 0x00, 0x14, 0x00, 0x09, 0x00,
            0x00, 0x00, 0x01, 0x00, 0xe7, 0xff, 0x10, 0x00, 0x00, 0x00, 0x00, 0x00, 0x00, 0x00,
            0x00, 0x00, 0x00, 0x00, 0x00, 0x00, 0x00, 0x00, 0x00, 0x00, 0x00, 0x00, 0x00, 0x00,
            0x00, 0x00, 0x00, 0x00, 0x00, 0x00, 0x00, 0x00, 0x00, 0x00, 0x00, 0x00, 0x00, 0x00,
            0x00, 0x00, 0x00, 0x00, 0x01, 0x00, 0x00, 0x00, 0x00, 0x00, 0x0a, 0x00, 0x09, 0x00,
            0x00, 0x00, 0x01, 0x00, 0x2d, 0x00, 0x0a, 0x00, 0x00, 0x00, 0x00, 0x00, 0x1e, 0x00,
            0x0a, 0x00, 0x00, 0x00, 0x01, 0x00, 0xd3, 0xff, 0x05, 0x00, 0x00, 0x00, 0x00, 0x00,
            0xc4, 0xff, 0x10, 0x00, 0x00, 0x00, 0x00, 0x00, 0x00, 0x00, 0x00, 0x00, 0x00, 0x00,
            0x00, 0x00, 0x00, 0x00, 0x00, 0x00, 0x00, 0x00, 0x00, 0x00, 0x00, 0x00, 0x01, 0x00,
            0x00, 0x00, 0x00, 0x00, 0x14, 0x00, 0x09, 0x00, 0x00, 0x00, 0x01, 0x00, 0x2b, 0x00,
            0x0a, 0x00, 0x00, 0x00, 0xff, 0x00, 0x19, 0x00, 0x0a, 0x00, 0x00, 0x00, 0x00, 0x00,
            0xce, 0xff, 0x05, 0x00, 0x00, 0x00, 0x00, 0x00, 0xbb, 0xff, 0x10, 0x00, 0x00, 0x00,
            0x00, 0x00, 0x00, 0x00, 0x00, 0x00, 0x00, 0x00, 0x00, 0x00, 0x00, 0x00, 0x00, 0x00,
            0x00, 0x00, 0x00, 0x00, 0x00, 0x00, 0x09, 0x00, 0x00, 0x00, 0x00, 0x00, 0xfc, 0xff,
            0x09, 0x00, 0x00, 0x00, 0x01, 0x00, 0xd3, 0xff, 0x05, 0x00, 0x00, 0x00, 0x00, 0x00,
            0xd3, 0xff, 0x10, 0x00, 0x00, 0x00, 0x00, 0x00, 0x00, 0x00, 0x00, 0x00, 0x00, 0x00,
            0x00, 0x00, 0x00, 0x00, 0x00, 0x00, 0x00, 0x00, 0x00, 0x00, 0x00, 0x00, 0x00, 0x00,
            0x00, 0x00, 0x00, 0x00, 0x00, 0x00, 0x00, 0x00, 0x00, 0x00, 0x00, 0x00, 0x00, 0x00,
            0x03, 0x00, 0x00, 0x00, 0x00, 0x00, 0x00, 0x00, 0x08, 0x00, 0x00, 0x00, 0x01, 0x00,
            0x32, 0x00, 0x09, 0x00, 0x00, 0x00, 0x00, 0x00, 0xfc, 0xff, 0x09, 0x00, 0x00, 0x00,
            0x01, 0x00, 0xd3, 0xff, 0x05, 0x00, 0x00, 0x00, 0x00, 0x00, 0xd3, 0xff, 0x10, 0x00,
            0x00, 0x00, 0x00, 0x00, 0x00, 0x00, 0x00, 0x00, 0x00, 0x00, 0x00, 0x00, 0x00, 0x00,
            0x00, 0x00, 0x00, 0x00, 0x00, 0x00, 0x00, 0x00, 0x01, 0x00, 0x00, 0x00, 0x00, 0x00,
            0xfc, 0xff, 0x09, 0x00, 0x00, 0x00, 0x01, 0x00, 0xe2, 0xff, 0x05, 0x00, 0x00, 0x00,
            0x00, 0x00, 0x10, 0x00, 0x10, 0x00, 0x00, 0x00, 0x00, 0x00, 0x00, 0x00, 0x00, 0x00,
            0x00, 0x00, 0x00, 0x00, 0x00, 0x00, 0x00, 0x00, 0x00, 0x00, 0x00, 0x00, 0x00, 0x00,
            0x00, 0x00, 0x00, 0x00, 0x00, 0x00, 0x00, 0x00, 0x00, 0x00, 0x00, 0x00, 0x00, 0x00,
            0x00, 0x00, 0x09, 0x00, 0x00, 0x00, 0x00, 0x00, 0x00, 0x00, 0x05, 0x00, 0x00, 0x00,
            0x00, 0x00, 0x32, 0x00, 0x10, 0x00, 0x00, 0x00, 0x00, 0x00, 0x00, 0x00, 0x00, 0x00,
            0x00, 0x00, 0x00, 0x00, 0x00, 0x00, 0x00, 0x00, 0x00, 0x00, 0x00, 0x00, 0x00, 0x00,
            0x00, 0x00, 0x00, 0x00, 0x00, 0x00, 0x00, 0x00, 0x00, 0x00, 0x00, 0x00, 0x00, 0x00,
            0x00, 0x00, 0x00, 0x00, 0x00, 0x00, 0x00, 0x00, 0x00, 0x00, 0x01, 0x00, 0x00, 0x00,
            0x00, 0x00, 0x00, 0x00, 0x09, 0x00, 0x00, 0x00, 0xff, 0x00, 0x0a, 0x00, 0x09, 0x00,
            0x00, 0x00, 0x00, 0x00, 0x37, 0x00, 0x09, 0x00, 0x00, 0x00, 0x02, 0x00, 0x00, 0x00,
            0x05, 0x00, 0x00, 0x00, 0xfd, 0x00, 0xec, 0xff, 0x05, 0x00, 0x00, 0x00, 0x00, 0x00,
            0xd8, 0xff, 0x10, 0x00, 0x00, 0x00, 0x00, 0x00, 0x00, 0x00, 0x00, 0x00, 0x00, 0x00,
            0x00, 0x00, 0x00, 0x00, 0x01, 0x00, 0x00, 0x00, 0x00, 0x00, 0x00, 0x00, 0x10, 0x00,
            0x00, 0x00, 0x00, 0x00, 0x00, 0x00, 0x00, 0x00, 0x00, 0x00, 0x00, 0x00, 0x00, 0x00,
            0x00, 0x00, 0x00, 0x00, 0x00, 0x00, 0x00, 0x00, 0x00, 0x00, 0x00, 0x00, 0x00, 0x00,
            0x00, 0x00, 0x00, 0x00, 0x00, 0x00, 0x00, 0x00, 0x00, 0x00, 0x00, 0x00, 0x00, 0x00,
            0x00, 0x00, 0x00, 0x00, 0x00, 0x00, 0x00, 0x00, 0x00, 0x00, 0x00, 0x00, 0x10, 0x00,
            0x00, 0x00, 0x00, 0x00, 0x00, 0x00, 0x00, 0x00, 0x00, 0x00, 0x00, 0x00, 0x00, 0x00,
            0x00, 0x00, 0x00, 0x00, 0x00, 0x00, 0x00, 0x00, 0x00, 0x00, 0x00, 0x00, 0x00, 0x00,
            0x00, 0x00, 0x00, 0x00, 0x00, 0x00, 0x00, 0x00, 0x00, 0x00, 0x00, 0x00, 0x00, 0x00,
            0x00, 0x00, 0x00, 0x00, 0x00, 0x00, 0x00, 0x00, 0x00, 0x00, 0x00, 0x00, 0x00, 0x00,
            0x00, 0x00, 0x00, 0x00, 0x00, 0x00, 0x01, 0x00, 0x00, 0x00, 0x00, 0x00, 0x04, 0x00,
            0x05, 0x00, 0x00, 0x00, 0xfd, 0x00, 0x0a, 0x00, 0x05, 0x00, 0x00, 0x00, 0x00, 0x00,
            0x7c, 0x00, 0x10, 0x00, 0x00, 0x00, 0x00, 0x00, 0x00, 0x00, 0x00, 0x00, 0x00, 0x00,
            0x00, 0x00, 0x00, 0x00, 0x00, 0x00, 0x00, 0x00, 0x00, 0x00, 0x00, 0x00, 0x00, 0x00,
            0x00, 0x00, 0x00, 0x00, 0x00, 0x00, 0x00, 0x00, 0x00, 0x00, 0x00, 0x00, 0x00, 0x00,
            0x01, 0x00, 0x00, 0x00, 0x00, 0x00, 0x08, 0x00, 0x05, 0x00, 0x00, 0x00, 0xfd, 0x00,
            0x08, 0x00, 0x05, 0x00, 0x00, 0x00, 0x00, 0x00, 0x72, 0x00, 0x10, 0x00, 0x00, 0x00,
            0x00, 0x00, 0x00, 0x00, 0x00, 0x00, 0x00, 0x00, 0x00, 0x00, 0x00, 0x00, 0x00, 0x00,
            0x00, 0x00, 0x00, 0x00, 0x00, 0x00, 0x00, 0x00, 0x00, 0x00, 0x00, 0x00, 0x00, 0x00,
            0x00, 0x00, 0x00, 0x00, 0x00, 0x00, 0x00, 0x00, 0x01, 0x00, 0x00, 0x00, 0x00, 0x00,
            0x46, 0x00, 0x09, 0x00, 0x00, 0x00, 0x01, 0x00, 0x5e, 0x00, 0x05, 0x00, 0x00, 0x00,
            0x00, 0x00, 0xfe, 0xff, 0x10, 0x00, 0x00, 0x00, 0x00, 0x00, 0x00, 0x00, 0x00, 0x00,
            0x00, 0x00, 0x00, 0x00, 0x00, 0x00, 0x00, 0x00, 0x00, 0x00, 0x00, 0x00, 0x00, 0x00,
            0x00, 0x00, 0x00, 0x00, 0x00, 0x00, 0x00, 0x00, 0x00, 0x00, 0x00, 0x00, 0x00, 0x00,
            0x00, 0x00, 0x01, 0x00, 0x00, 0x00, 0x00, 0x00, 0x28, 0x00, 0x09, 0x00, 0x00, 0x00,
            0x01, 0x00, 0x4e, 0x00, 0x05, 0x00, 0x00, 0x00, 0x00, 0x00, 0x06, 0x00, 0x10, 0x00,
            0x00, 0x00, 0x00, 0x00, 0x00, 0x00, 0x00, 0x00, 0x00, 0x00, 0x00, 0x00, 0x00, 0x00,
            0x00, 0x00, 0x00, 0x00, 0x00, 0x00, 0x00, 0x00, 0x00, 0x00, 0x00, 0x00, 0x00, 0x00,
            0x00, 0x00, 0x00, 0x00, 0x00, 0x00, 0x00, 0x00, 0x00, 0x00, 0x01, 0x00, 0x00, 0x00,
            0x00, 0x00, 0x2a, 0x00, 0x09, 0x00, 0x00, 0x00, 0x03, 0x00, 0x62, 0x00, 0x0a, 0x00,
            0x00, 0x00, 0xff, 0x00, 0x22, 0x00, 0x10, 0x00, 0x00, 0x00, 0x00, 0x00, 0x00, 0x00,
            0x00, 0x00, 0x00, 0x00, 0x00, 0x00, 0x00, 0x00, 0x00, 0x00, 0x00, 0x00, 0x00, 0x00,
            0x00, 0x00, 0x00, 0x00, 0x00, 0x00, 0x00, 0x00, 0x00, 0x00, 0x00, 0x00, 0x00, 0x00,
            0x00, 0x00, 0x00, 0x00, 0x01, 0x00, 0x00, 0x00, 0x00, 0x00, 0x40, 0x00, 0x09, 0x00,
            0x00, 0x00, 0x03, 0x00, 0x6e, 0x00, 0x0a, 0x00, 0x00, 0x00, 0xff, 0x00, 0x26, 0x00,
            0x10, 0x00, 0x00, 0x00, 0x00, 0x00, 0x00, 0x00, 0x00, 0x00, 0x00, 0x00, 0x00, 0x00,
            0x00, 0x00, 0x00, 0x00, 0x00, 0x00, 0x00, 0x00, 0x00, 0x00, 0x00, 0x00, 0x00, 0x00,
            0x00, 0x00, 0x00, 0x00, 0x00, 0x00, 0x00, 0x00, 0x00, 0x00, 0x00, 0x00, 0x01, 0x00,
            0x00, 0x00, 0x00, 0x00, 0x18, 0x00, 0x09, 0x00, 0x00, 0x00, 0xfe, 0x00, 0x12, 0x00,
            0x09, 0x00, 0x00, 0x00, 0x02, 0x00, 0x6a, 0x00, 0x0a, 0x00, 0x00, 0x00, 0xff, 0x00,
            0x24, 0x00, 0x10, 0x00, 0x00, 0x00, 0x00, 0x00, 0x00, 0x00, 0x00, 0x00, 0x00, 0x00,
            0x00, 0x00, 0x00, 0x00, 0x00, 0x00, 0x00, 0x00, 0x00, 0x00, 0x00, 0x00, 0x00, 0x00,
            0x00, 0x00, 0x00, 0x00, 0x00, 0x00, 0x01, 0x00, 0x00, 0x00, 0x00, 0x00, 0x22, 0x00,
            0x09, 0x00, 0x00, 0x00, 0xfe, 0x00, 0x1c, 0x00, 0x09, 0x00, 0x00, 0x00, 0x02, 0x00,
            0x64, 0x00, 0x0a, 0x00, 0x00, 0x00, 0xff, 0x00, 0x28, 0x00, 0x10, 0x00, 0x00, 0x00,
            0x00, 0x00, 0x00, 0x00, 0x00, 0x00, 0x00, 0x00, 0x00, 0x00, 0x00, 0x00, 0x00, 0x00,
            0x00, 0x00, 0x00, 0x00, 0x00, 0x00, 0x00, 0x00, 0x00, 0x00, 0x00, 0x00, 0x00, 0x00,
            0x01, 0x00, 0x00, 0x00, 0x00, 0x00, 0x2e, 0x00, 0x09, 0x00, 0x00, 0x00, 0xfe, 0x00,
            0x18, 0x00, 0x09, 0x00, 0x00, 0x00, 0x01, 0x00, 0x3c, 0x00, 0x0a, 0x00, 0x00, 0x00,
            0xff, 0x00, 0x0a, 0x00, 0x10, 0x00, 0x00, 0x00, 0x00, 0x00, 0x00, 0x00, 0x00, 0x00,
            0x00, 0x00, 0x00, 0x00, 0x00, 0x00, 0x00, 0x00, 0x00, 0x00, 0x00, 0x00, 0x00, 0x00,
            0x00, 0x00, 0x00, 0x00, 0x00, 0x00, 0x00, 0x00, 0x01, 0x00, 0x00, 0x00, 0x00, 0x00,
            0x2a, 0x00, 0x09, 0x00, 0x00, 0x00, 0xfe, 0x00, 0x16, 0x00, 0x09, 0x00, 0x00, 0x00,
            0x01, 0x00, 0x44, 0x00, 0x0a, 0x00, 0x00, 0x00, 0xff, 0x00, 0x1a, 0x00, 0x10, 0x00,
            0x00, 0x00, 0x00, 0x00, 0x00, 0x00, 0x00, 0x00, 0x00, 0x00, 0x00, 0x00, 0x00, 0x00,
            0x00, 0x00, 0x00, 0x00, 0x00, 0x00, 0x00, 0x00, 0x00, 0x00, 0x00, 0x00, 0x00, 0x00,
            0x00, 0x00, 0x01, 0x00, 0x00, 0x00, 0x00, 0x00, 0x10, 0x00, 0x05, 0x00, 0x00, 0x00,
            0xfd, 0x00, 0x0a, 0x00, 0x09, 0x00, 0x00, 0x00, 0x00, 0x00, 0x0a, 0x00, 0x05, 0x00,
            0x00, 0x00, 0x00, 0x00, 0x56, 0x00, 0x10, 0x00, 0x00, 0x00, 0x00, 0x00, 0x00, 0x00,
            0x00, 0x00, 0x00, 0x00, 0x00, 0x00, 0x00, 0x00, 0x00, 0x00, 0x00, 0x00, 0x00, 0x00,
            0x00, 0x00, 0x00, 0x00, 0x00, 0x00, 0x00, 0x00, 0x00, 0x00, 0x01, 0x00, 0x00, 0x00,
            0x00, 0x00, 0x10, 0x00, 0x05, 0x00, 0x00, 0x00, 0xfd, 0x00, 0xfc, 0xff, 0x09, 0x00,
            0x00, 0x00, 0x00, 0x00, 0xfc, 0xff, 0x05, 0x00, 0x00, 0x00, 0x00, 0x00, 0x24, 0x00,
            0x10, 0x00, 0x00, 0x00, 0x00, 0x00, 0x00, 0x00, 0x00, 0x00, 0x00, 0x00, 0x00, 0x00,
            0x00, 0x00, 0x00, 0x00, 0x00, 0x00, 0x00, 0x00, 0x00, 0x00, 0x00, 0x00, 0x00, 0x00,
            0x00, 0x00, 0x00, 0x00, 0x01, 0x00, 0x00, 0x00, 0x00, 0x00, 0x10, 0x00, 0x09, 0x00,
            0x00, 0x00, 0x01, 0x00, 0x2c, 0x00, 0x05, 0x00, 0x00, 0x00, 0x00, 0x00, 0xf4, 0xff,
            0x10, 0x00, 0x00, 0x00, 0x00, 0x00, 0x00, 0x00, 0x00, 0x00, 0x00, 0x00, 0x00, 0x00,
            0x00, 0x00, 0x00, 0x00, 0x00, 0x00, 0x00, 0x00, 0x00, 0x00, 0x00, 0x00, 0x00, 0x00,
            0x00, 0x00, 0x00, 0x00, 0x00, 0x00, 0x00, 0x00, 0x00, 0x00, 0x00, 0x00, 0x01, 0x00,
            0x00, 0x00, 0x00, 0x00, 0x0c, 0x00, 0x09, 0x00, 0x00, 0x00, 0x01, 0x00, 0x2e, 0x00,
            0x05, 0x00, 0x00, 0x00, 0x00, 0x00, 0x00, 0x00, 0x10, 0x00, 0x00, 0x00, 0x00, 0x00,
            0x00, 0x00, 0x00, 0x00, 0x00, 0x00, 0x00, 0x00, 0x00, 0x00, 0x00, 0x00, 0x00, 0x00,
            0x00, 0x00, 0x00, 0x00, 0x00, 0x00, 0x00, 0x00, 0x00, 0x00, 0x00, 0x00, 0x00, 0x00,
            0x00, 0x00, 0x00, 0x00, 0x00, 0x00, 0x01, 0x00, 0x00, 0x00, 0x00, 0x00, 0x16, 0x00,
            0x09, 0x00, 0x00, 0x00, 0x02, 0x00, 0x32, 0x00, 0x0a, 0x00, 0x00, 0x00, 0xff, 0x00,
            0x10, 0x00, 0x10, 0x00, 0x00, 0x00, 0x00, 0x00, 0x00, 0x00, 0x00, 0x00, 0x00, 0x00,
            0x00, 0x00, 0x00, 0x00, 0x00, 0x00, 0x00, 0x00, 0x00, 0x00, 0x00, 0x00, 0x00, 0x00,
            0x00, 0x00, 0x00, 0x00, 0x00, 0x00, 0x00, 0x00, 0x00, 0x00, 0x00, 0x00, 0x00, 0x00,
            0x01, 0x00, 0x00, 0x00, 0x00, 0x00, 0x1a, 0x00, 0x09, 0x00, 0x00, 0x00, 0x02, 0x00,
            0x36, 0x00, 0x0a, 0x00, 0x00, 0x00, 0xff, 0x00, 0x10, 0x00, 0x10, 0x00, 0x00, 0x00,
            0x00, 0x00, 0x00, 0x00, 0x00, 0x00, 0x00, 0x00, 0x00, 0x00, 0x00, 0x00, 0x00, 0x00,
            0x00, 0x00, 0x00, 0x00, 0x00, 0x00, 0x00, 0x00, 0x00, 0x00, 0x00, 0x00, 0x00, 0x00,
            0x00, 0x00, 0x00, 0x00, 0x00, 0x00, 0x00, 0x00, 0x01, 0x00, 0x00, 0x00, 0x00, 0x00,
            0x16, 0x00, 0x09, 0x00, 0x00, 0x00, 0x01, 0x00, 0x36, 0x00, 0x09, 0x00, 0x00, 0x00,
            0x03, 0x00, 0x14, 0x00, 0x0a, 0x00, 0x00, 0x00, 0xff, 0x00, 0x10, 0x00, 0x10, 0x00,
            0x00, 0x00, 0x00, 0x00, 0x00, 0x00, 0x00, 0x00, 0x00, 0x00, 0x00, 0x00, 0x00, 0x00,
            0x00, 0x00, 0x00, 0x00, 0x00, 0x00, 0x00, 0x00, 0x00, 0x00, 0x00, 0x00, 0x00, 0x00,
            0x00, 0x00, 0x01, 0x00, 0x00, 0x00, 0x00, 0x00, 0x1a, 0x00, 0x09, 0x00, 0x00, 0x00,
            0x01, 0x00, 0x3a, 0x00, 0x09, 0x00, 0x00, 0x00, 0x03, 0x00, 0x1a, 0x00, 0x0a, 0x00,
            0x00, 0x00, 0xff, 0x00, 0x14, 0x00, 0x10, 0x00, 0x00, 0x00, 0x00, 0x00, 0x00, 0x00,
            0x00, 0x00, 0x00, 0x00, 0x00, 0x00, 0x00, 0x00, 0x00, 0x00, 0x00, 0x00, 0x00, 0x00,
            0x00, 0x00, 0x00, 0x00, 0x00, 0x00, 0x00, 0x00, 0x00, 0x00, 0x01, 0x00, 0x00, 0x00,
            0x00, 0x00, 0x5c, 0x00, 0x09, 0x00, 0x00, 0x00, 0x01, 0x00, 0x34, 0x00, 0x0a, 0x00,
            0x00, 0x00, 0x01, 0x00, 0x2a, 0x00, 0x0b, 0x00, 0x00, 0x00, 0xff, 0x00, 0x0c, 0x00,
            0x10, 0x00, 0x00, 0x00, 0x00, 0x00, 0x00, 0x00, 0x00, 0x00, 0x00, 0x00, 0x00, 0x00,
            0x00, 0x00, 0x00, 0x00, 0x00, 0x00, 0x00, 0x00, 0x00, 0x00, 0x00, 0x00, 0x00, 0x00,
            0x00, 0x00, 0x00, 0x00, 0x01, 0x00, 0x00, 0x00, 0x00, 0x00, 0x1a, 0x00, 0x09, 0x00,
            0x00, 0x00, 0x01, 0x00, 0x3c, 0x00, 0x0a, 0x00, 0x00, 0x00, 0x01, 0x00, 0x36, 0x00,
            0x0b, 0x00, 0x00, 0x00, 0xff, 0x00, 0x12, 0x00, 0x10, 0x00, 0x00, 0x00, 0x00, 0x00,
            0x00, 0x00, 0x00, 0x00, 0x00, 0x00, 0x00, 0x00, 0x00, 0x00, 0x00, 0x00, 0x00, 0x00,
            0x00, 0x00, 0x00, 0x00, 0x00, 0x00, 0x00, 0x00, 0x00, 0x00, 0x00, 0x00, 0x01, 0x00,
            0x00, 0x00, 0x00, 0x00, 0x14, 0x00, 0x09, 0x00, 0x00, 0x00, 0x01, 0x00, 0x2c, 0x00,
            0x0a, 0x00, 0x00, 0x00, 0x01, 0x00, 0x28, 0x00, 0x0a, 0x00, 0x00, 0x00, 0x03, 0x00,
            0x14, 0x00, 0x0b, 0x00, 0x00, 0x00, 0xff, 0x00, 0x14, 0x00, 0x10, 0x00, 0x00, 0x00,
            0x00, 0x00, 0x00, 0x00, 0x00, 0x00, 0x00, 0x00, 0x00, 0x00, 0x00, 0x00, 0x00, 0x00,
            0x00, 0x00, 0x00, 0x00, 0x00, 0x00, 0x01, 0x00, 0x00, 0x00, 0x00, 0x00, 0x1a, 0x00,
            0x09, 0x00, 0x00, 0x00, 0x01, 0x00, 0x34, 0x00, 0x0a, 0x00, 0x00, 0x00, 0x01, 0x00,
            0x32, 0x00, 0x0a, 0x00, 0x00, 0x00, 0x03, 0x00, 0x12, 0x00, 0x0b, 0x00, 0x00, 0x00,
            0xff, 0x00, 0x12, 0x00, 0x10, 0x00, 0x00, 0x00, 0x00, 0x00, 0x00, 0x00, 0x00, 0x00,
            0x00, 0x00, 0x00, 0x00, 0x00, 0x00, 0x00, 0x00, 0x00, 0x00, 0x00, 0x00, 0x00, 0x00,
            0xc0, 0x00, 0x0a, 0x00, 0xc8, 0x00, 0x0a, 0x00, 0xd0, 0x00, 0x0a, 0x00, 0xd8, 0x00,
            0x0a, 0x00, 0xe0, 0x00, 0x0a, 0x00, 0xec, 0x00, 0x0a, 0x00, 0xf4, 0x00, 0x0a, 0x00,
            0xec, 0xa5, 0x09, 0x00, 0xe8, 0xa5, 0x09, 0x00, 0xf0, 0xa5, 0x09, 0x00, 0x9c, 0xae,
            0x09, 0x00, 0xa0, 0xae, 0x09, 0x00, 0x40, 0xa7, 0x09, 0x00, 0x27, 0x00, 0x00, 0x00,
            0xf8, 0xd9, 0x09, 0x00, 0x03, 0x00, 0x00, 0x00, 0x28, 0x00, 0x00, 0x00, 0xfc, 0xd9,
            0x09, 0x00, 0x03, 0x00, 0x00, 0x00, 0x29, 0x00, 0x00, 0x00, 0x00, 0xda, 0x09, 0x00,
            0x03, 0x00, 0x00, 0x00, 0x2a, 0x00, 0x00, 0x00, 0x04, 0xda, 0x09, 0x00, 0x03, 0x00,
            0x00, 0x00, 0x2b, 0x00, 0x00, 0x00, 0x08, 0xda, 0x09, 0x00, 0x03, 0x00, 0x00, 0x00,
            0x2c, 0x00, 0x00, 0x00, 0x0c, 0xda, 0x09, 0x00, 0x03, 0x00, 0x00, 0x00, 0x22, 0x00,
            0x00, 0x00, 0x10, 0xda, 0x09, 0x00, 0x03, 0x00, 0x00, 0x00, 0x23, 0x00, 0x00, 0x00,
            0x14, 0xda, 0x09, 0x00, 0x03, 0x00, 0x00, 0x00, 0x24, 0x00, 0x00, 0x00, 0x18, 0xda,
            0x09, 0x00, 0x03, 0x00, 0x00, 0x00, 0x25, 0x00, 0x00, 0x00, 0x1c, 0xda, 0x09, 0x00,
            0x03, 0x00, 0x00, 0x00, 0x26, 0x00, 0x00, 0x00, 0x20, 0xda, 0x09, 0x00, 0x03, 0x00,
            0x00, 0x00, 0x1b, 0x00, 0x00, 0x00, 0x24, 0xda, 0x09, 0x00, 0x03, 0x00, 0x00, 0x00,
            0x1c, 0x00, 0x00, 0x00, 0x28, 0xda, 0x09, 0x00, 0x03, 0x00, 0x00, 0x00, 0x1d, 0x00,
            0x00, 0x00, 0x2c, 0xda, 0x09, 0x00, 0x03, 0x00, 0x00, 0x00, 0x1e, 0x00, 0x00, 0x00,
            0x94, 0xaa, 0x09, 0x00, 0x03, 0x00, 0x00, 0x00, 0x1f, 0x00, 0x00, 0x00, 0x30, 0xda,
            0x09, 0x00, 0x03, 0x00, 0x00, 0x00, 0x20, 0x00, 0x00, 0x00, 0x34, 0xda, 0x09, 0x00,
            0x03, 0x00, 0x00, 0x00, 0x13, 0x00, 0x00, 0x00, 0x38, 0xda, 0x09, 0x00, 0x03, 0x00,
            0x00, 0x00, 0x14, 0x00, 0x00, 0x00, 0x3c, 0xda, 0x09, 0x00, 0x02, 0x00, 0x00, 0x00,
            0x15, 0x00, 0x00, 0x00, 0x40, 0xda, 0x09, 0x00, 0x02, 0x00, 0x00, 0x00, 0x16, 0x00,
            0x00, 0x00, 0x44, 0xda, 0x09, 0x00, 0x02, 0x00, 0x00, 0x00, 0x17, 0x00, 0x00, 0x00,
            0x48, 0xda, 0x09, 0x00, 0x03, 0x00, 0x00, 0x00, 0x18, 0x00, 0x00, 0x00, 0x4c, 0xda,
            0x09, 0x00, 0x02, 0x00, 0x00, 0x00, 0x19, 0x00, 0x00, 0x00, 0x50, 0xda, 0x09, 0x00,
            0x02, 0x00, 0x00, 0x00, 0x1a, 0x00, 0x00, 0x00, 0x54, 0xda, 0x09, 0x00, 0x02, 0x00,
            0x00, 0x00, 0x10, 0x00, 0x00, 0x00, 0x4c, 0xf5, 0x09, 0x00, 0x03, 0x00, 0x00, 0x00,
            0x11, 0x00, 0x00, 0x00, 0x28, 0xf0, 0x09, 0x00, 0x03, 0x00, 0x00, 0x00, 0x02, 0x00,
            0x00, 0x00, 0x58, 0xda, 0x09, 0x00, 0x03, 0x00, 0x00, 0x00, 0x04, 0x00, 0x00, 0x00,
            0x5c, 0xda, 0x09, 0x00, 0x03, 0x00, 0x00, 0x00, 0x05, 0x00, 0x00, 0x00, 0x60, 0xda,
            0x09, 0x00, 0x03, 0x00, 0x00, 0x00, 0x06, 0x00, 0x00, 0x00, 0x64, 0xda, 0x09, 0x00,
            0x03, 0x00, 0x00, 0x00, 0x03, 0x00, 0x00, 0x00, 0x78, 0x12, 0x0a, 0x00, 0x03, 0x00,
            0x00, 0x00, 0x07, 0x00, 0x00, 0x00, 0x68, 0xda, 0x09, 0x00, 0x01, 0x00, 0x00, 0x00,
            0x08, 0x00, 0x00, 0x00, 0x0c, 0x13, 0x0a, 0x00, 0x03, 0x00, 0x00, 0x00, 0x09, 0x00,
            0x00, 0x00, 0x20, 0xd3, 0x09, 0x00, 0x03, 0x00, 0x00, 0x00, 0x0a, 0x00, 0x00, 0x00,
            0x54, 0xdc, 0x09, 0x00, 0x02, 0x00, 0x00, 0x00, 0x0b, 0x00, 0x00, 0x00, 0x6c, 0xda,
            0x09, 0x00, 0x01, 0x00, 0x00, 0x00, 0x2e, 0x00, 0x00, 0x00, 0x08, 0xf4, 0x09, 0x00,
            0x02, 0x00, 0x00, 0x00, 0x0c, 0x00, 0x00, 0x00, 0x1c, 0xb1, 0x09, 0x00, 0x02, 0x00,
            0x00, 0x00, 0x0d, 0x00, 0x00, 0x00, 0x4c, 0xaa, 0x09, 0x00, 0x02, 0x00, 0x00, 0x00,
            0x0e, 0x00, 0x00, 0x00, 0xa8, 0xac, 0x09, 0x00, 0x03, 0x00, 0x00, 0x00, 0x2f, 0x00,
            0x00, 0x00, 0x70, 0xda, 0x09, 0x00, 0x02, 0x00, 0x00, 0x00, 0x0f, 0x00, 0x00, 0x00,
            0x48, 0xc4, 0x09, 0x00, 0x02, 0x00, 0x00, 0x00, 0x12, 0x00, 0x00, 0x00, 0x64, 0x14,
            0x0a, 0x00, 0x03, 0x00, 0x00, 0x00, 0x2d, 0x00, 0x00, 0x00, 0x08, 0xb0, 0x09, 0x00,
            0x03, 0x00, 0x00, 0x00, 0x21, 0x00, 0x00, 0x00, 0x00, 0xb1, 0x09, 0x00, 0x03, 0x00,
            0x00, 0x00, 0x30, 0x00, 0x00, 0x00, 0x74, 0xda, 0x09, 0x00, 0x02, 0x00, 0x00, 0x00,
            0x31, 0x00, 0x00, 0x00, 0x78, 0xda, 0x09, 0x00, 0x02, 0x00, 0x00, 0x00, 0x32, 0x00,
            0x00, 0x00, 0x80, 0xda, 0x09, 0x00, 0x03, 0x00, 0x00, 0x00, 0x33, 0x00, 0x00, 0x00,
            0x84, 0xda, 0x09, 0x00, 0x02, 0x00, 0x00, 0x00, 0x34, 0x00, 0x00, 0x00, 0x8c, 0xda,
            0x09, 0x00, 0x03, 0x00, 0x00, 0x00, 0x35, 0x00, 0x00, 0x00, 0x90, 0xda, 0x09, 0x00,
            0x01, 0x00, 0x00, 0x00, 0x36, 0x00, 0x00, 0x00, 0x98, 0xda, 0x09, 0x00, 0x03, 0x00,
            0x00, 0x00, 0x37, 0x00, 0x00, 0x00, 0xa4, 0xda, 0x09, 0x00, 0x03, 0x00, 0x00, 0x00,
            0x38, 0x00, 0x00, 0x00, 0xac, 0xda, 0x09, 0x00, 0x03, 0x00, 0x00, 0x00, 0x39, 0x00,
            0x00, 0x00, 0xb4, 0xda, 0x09, 0x00, 0x03, 0x00, 0x00, 0x00, 0x3a, 0x00, 0x00, 0x00,
            0xbc, 0xda, 0x09, 0x00, 0x03, 0x00, 0x00, 0x00, 0x3b, 0x00, 0x00, 0x00, 0xc8, 0xda,
            0x09, 0x00, 0x03, 0x00, 0x00, 0x00, 0x3c, 0x00, 0x00, 0x00, 0xd4, 0xda, 0x09, 0x00,
            0x03, 0x00, 0x00, 0x00, 0x3d, 0x00, 0x00, 0x00, 0xe4, 0xda, 0x09, 0x00, 0x02, 0x00,
            0x00, 0x00, 0x3e, 0x00, 0x00, 0x00, 0xf0, 0xda, 0x09, 0x00, 0x03, 0x00, 0x00, 0x00,
            0x3f, 0x00, 0x00, 0x00, 0xf8, 0xda, 0x09, 0x00, 0x03, 0x00, 0x00, 0x00, 0x40, 0x00,
            0x00, 0x00, 0x00, 0xdb, 0x09, 0x00, 0x03, 0x00, 0x00, 0x00, 0x41, 0x00, 0x00, 0x00,
            0x0c, 0xdb, 0x09, 0x00, 0x03, 0x00, 0x00, 0x00, 0x42, 0x00, 0x00, 0x00, 0x1c, 0xdb,
            0x09, 0x00, 0x03, 0x00, 0x00, 0x00, 0x43, 0x00, 0x00, 0x00, 0x2c, 0xdb, 0x09, 0x00,
            0x03, 0x00, 0x00, 0x00, 0x44, 0x00, 0x00, 0x00, 0x38, 0xdb, 0x09, 0x00, 0x01, 0x00,
            0x00, 0x00, 0x45, 0x00, 0x00, 0x00, 0x40, 0xdb, 0x09, 0x00, 0x03, 0x00, 0x00, 0x00,
            0x46, 0x00, 0x00, 0x00, 0x44, 0xdb, 0x09, 0x00, 0x01, 0x00, 0x00, 0x00, 0x47, 0x00,
            0x00, 0x00, 0x48, 0xdb, 0x09, 0x00, 0x03, 0x00, 0x00, 0x00, 0x48, 0x00, 0x00, 0x00,
            0x50, 0xdb, 0x09, 0x00, 0x01, 0x00, 0x00, 0x00, 0x00, 0x00, 0x00, 0x00, 0x24, 0x1d,
            0x0a, 0x00, 0x34, 0x1d, 0x0a, 0x00, 0x44, 0x1d, 0x0a, 0x00, 0x58, 0x1d, 0x0a, 0x00,
            0x68, 0x1d, 0x0a, 0x00, 0x68, 0x1d, 0x0a, 0x00, 0x78, 0x1d, 0x0a, 0x00, 0x88, 0x1d,
            0x0a, 0x00, 0x9c, 0x1d, 0x0a, 0x00, 0xb8, 0x1d, 0x0a, 0x00, 0xdc, 0x1d, 0x0a, 0x00,
            0xf0, 0x1d, 0x0a, 0x00, 0x0c, 0x1e, 0x0a, 0x00, 0x20, 0x1e, 0x0a, 0x00, 0x48, 0x1e,
            0x0a, 0x00, 0x64, 0x1e, 0x0a, 0x00, 0x90, 0x1e, 0x0a, 0x00, 0xcc, 0x1e, 0x0a, 0x00,
            0xe0, 0x1e, 0x0a, 0x00, 0x14, 0x1f, 0x0a, 0x00, 0x2c, 0x1f, 0x0a, 0x00, 0x5c, 0x1f,
            0x0a, 0x00, 0x6d, 0x97, 0x09, 0x00, 0x9f, 0x97, 0x09, 0x00, 0xa2, 0x97, 0x09, 0x00,
            0xa8, 0x97, 0x09, 0x00, 0x92, 0x97, 0x09, 0x00, 0x89, 0x97, 0x09, 0x00, 0xcc, 0x97,
            0x09, 0x00, 0xd4, 0x97, 0x09, 0x00, 0x39, 0x9f, 0x09, 0x00, 0x44, 0x9f, 0x09, 0x00,
            0x4d, 0x9f, 0x09, 0x00, 0x53, 0x9f, 0x09, 0x00, 0x5a, 0x9f, 0x09, 0x00, 0x63, 0x9f,
            0x09, 0x00, 0x80, 0xa5, 0x0b, 0x00, 0xec, 0xa6, 0x0b, 0x00, 0xa8, 0xa2, 0x0b, 0x00,
            0x30, 0xab, 0x0b, 0x00, 0x30, 0xab, 0x0b, 0x00, 0x58, 0xa8, 0x0b, 0x00, 0xa8, 0xa2,
            0x0b, 0x00, 0x11, 0x00, 0x00, 0x00, 0x38, 0xdc, 0x09, 0x00, 0x21, 0x00, 0x00, 0x00,
            0x48, 0xdc, 0x09, 0x00, 0x41, 0x00, 0x00, 0x00, 0x58, 0xdc, 0x09, 0x00, 0x81, 0x00,
            0x00, 0x00, 0x68, 0xdc, 0x09, 0x00, 0x01, 0x01, 0x00, 0x00, 0x78, 0xdc, 0x09, 0x00,
            0x01, 0x02, 0x00, 0x00, 0x8c, 0xdc, 0x09, 0x00, 0x01, 0x04, 0x00, 0x00, 0xa0, 0xdc,
            0x09, 0x00, 0x01, 0x08, 0x00, 0x00, 0xb4, 0xdc, 0x09, 0x00, 0x01, 0x10, 0x00, 0x00,
            0xc4, 0xdc, 0x09, 0x00, 0x01, 0x20, 0x00, 0x00, 0xd8, 0xdc, 0x09, 0x00, 0x01, 0x40,
            0x00, 0x00, 0xe4, 0xdc, 0x09, 0x00, 0x01, 0x80, 0x00, 0x00, 0xfc, 0xdc, 0x09, 0x00,
            0x01, 0x00, 0x01, 0x00, 0x10, 0xdd, 0x09, 0x00, 0x01, 0x00, 0x02, 0x00, 0x20, 0xdd,
            0x09, 0x00, 0x01, 0x00, 0x04, 0x00, 0x34, 0xdd, 0x09, 0x00, 0x01, 0x00, 0x08, 0x00,
            0x4c, 0xdd, 0x09, 0x00, 0x01, 0x00, 0x10, 0x00, 0x5c, 0xdd, 0x09, 0x00, 0x01, 0x00,
            0x20, 0x00, 0x70, 0xdd, 0x09, 0x00, 0x01, 0x00, 0x40, 0x00, 0x84, 0xdd, 0x09, 0x00,
            0x01, 0x00, 0x80, 0x00, 0x98, 0xdd, 0x09, 0x00, 0x01, 0x00, 0x00, 0x01, 0xac, 0xdd,
            0x09, 0x00, 0x01, 0x00, 0x00, 0x02, 0xbc, 0xdd, 0x09, 0x00, 0x01, 0x00, 0x00, 0x04,
            0xd4, 0xdd, 0x09, 0x00, 0x01, 0x00, 0x00, 0x08, 0xe8, 0xdd, 0x09, 0x00, 0x01, 0x00,
            0x00, 0x10, 0xf8, 0xdd, 0x09, 0x00, 0x01, 0x00, 0x00, 0x20, 0x0c, 0xde, 0x09, 0x00,
            0x01, 0x00, 0x00, 0x40, 0x28, 0xde, 0x09, 0x00, 0x01, 0x00, 0x00, 0x80, 0x38, 0xde,
            0x09, 0x00, 0x14, 0x00, 0x00, 0x00, 0x50, 0xde, 0x09, 0x00, 0x24, 0x00, 0x00, 0x00,
            0x64, 0xde, 0x09, 0x00, 0x44, 0x00, 0x00, 0x00, 0x78, 0xde, 0x09, 0x00, 0x84, 0x00,
            0x00, 0x00, 0x8c, 0xde, 0x09, 0x00, 0x04, 0x01, 0x00, 0x00, 0xa0, 0xde, 0x09, 0x00,
            0x04, 0x02, 0x00, 0x00, 0xb8, 0xde, 0x09, 0x00, 0x04, 0x04, 0x00, 0x00, 0xd8, 0xde,
            0x09, 0x00, 0x04, 0x08, 0x00, 0x00, 0xf4, 0xde, 0x09, 0x00, 0x04, 0x10, 0x00, 0x00,
            0x08, 0xdf, 0x09, 0x00, 0x04, 0x20, 0x00, 0x00, 0x20, 0xdf, 0x09, 0x00, 0x04, 0x40,
            0x00, 0x00, 0x38, 0xdf, 0x09, 0x00, 0x04, 0x80, 0x00, 0x00, 0x50, 0xdf, 0x09, 0x00,
            0x04, 0x00, 0x01, 0x00, 0x64, 0xdf, 0x09, 0x00, 0x04, 0x00, 0x02, 0x00, 0x7c, 0xdf,
            0x09, 0x00, 0x04, 0x00, 0x04, 0x00, 0x98, 0xdf, 0x09, 0x00, 0x04, 0x00, 0x08, 0x00,
            0xb0, 0xdf, 0x09, 0x00, 0x04, 0x00, 0x10, 0x00, 0xc4, 0xdf, 0x09, 0x00, 0x04, 0x00,
            0x20, 0x00, 0xd8, 0xdf, 0x09, 0x00, 0x04, 0x00, 0x40, 0x00, 0xec, 0xdf, 0x09, 0x00,
            0x04, 0x00, 0x80, 0x00, 0x04, 0xe0, 0x09, 0x00, 0x04, 0x00, 0x00, 0x01, 0x18, 0xe0,
            0x09, 0x00, 0x04, 0x00, 0x00, 0x02, 0x2c, 0xe0, 0x09, 0x00, 0x04, 0x00, 0x00, 0x04,
            0x50, 0xe0, 0x09, 0x00, 0x04, 0x00, 0x00, 0x08, 0x64, 0xe0, 0x09, 0x00, 0x04, 0x00,
            0x00, 0x10, 0x7c, 0xe0, 0x09, 0x00, 0x04, 0x00, 0x00, 0x20, 0x90, 0xe0, 0x09, 0x00,
            0x04, 0x00, 0x00, 0x40, 0xa8, 0xe0, 0x09, 0x00, 0x04, 0x00, 0x00, 0x80, 0xc0, 0xe0,
            0x09, 0x00, 0xdc, 0xf3, 0x09, 0x00, 0x00, 0x00, 0x00, 0x00, 0xe4, 0xf3, 0x09, 0x00,
            0x01, 0x00, 0x00, 0x00, 0xec, 0xf3, 0x09, 0x00, 0x02, 0x00, 0x00, 0x00, 0xf4, 0xf3,
            0x09, 0x00, 0x03, 0x00, 0x00, 0x00, 0xfc, 0xf3, 0x09, 0x00, 0x04, 0x00, 0x00, 0x00,
            0x04, 0xf4, 0x09, 0x00, 0x09, 0x00, 0x00, 0x00, 0x0c, 0xf4, 0x09, 0x00, 0x0b, 0x00,
            0x00, 0x00, 0x14, 0xf4, 0x09, 0x00, 0x0c, 0x00, 0x00, 0x00, 0x1c, 0xf4, 0x09, 0x00,
            0x0d, 0x00, 0x00, 0x00, 0x24, 0xf4, 0x09, 0x00, 0x0e, 0x00, 0x00, 0x00, 0x2c, 0xf4,
            0x09, 0x00, 0x0f, 0x00, 0x00, 0x00, 0x34, 0xf4, 0x09, 0x00, 0x10, 0x00, 0x00, 0x00,
            0x3c, 0xf4, 0x09, 0x00, 0x15, 0x00, 0x00, 0x00, 0x44, 0xf4, 0x09, 0x00, 0x16, 0x00,
            0x00, 0x00, 0x4c, 0xf4, 0x09, 0x00, 0x17, 0x00, 0x00, 0x00, 0x54, 0xf4, 0x09, 0x00,
            0x18, 0x00, 0x00, 0x00, 0x58, 0xf4, 0x09, 0x00, 0x19, 0x00, 0x00, 0x00, 0x60, 0xf4,
            0x09, 0x00, 0x1e, 0x00, 0x00, 0x00, 0x68, 0xf4, 0x09, 0x00, 0x1f, 0x00, 0x00, 0x00,
            0x70, 0xf4, 0x09, 0x00, 0x20, 0x00, 0x00, 0x00, 0x78, 0xf4, 0x09, 0x00, 0x21, 0x00,
            0x00, 0x00, 0x80, 0xf4, 0x09, 0x00, 0x22, 0x00, 0x00, 0x00, 0x88, 0xf4, 0x09, 0x00,
            0x23, 0x00, 0x00, 0x00, 0x90, 0xf4, 0x09, 0x00, 0x24, 0x00, 0x00, 0x00, 0x98, 0xf4,
            0x09, 0x00, 0x28, 0x00, 0x00, 0x00, 0xa0, 0xf4, 0x09, 0x00, 0x29, 0x00, 0x00, 0x00,
            0xa4, 0xf4, 0x09, 0x00, 0x2a, 0x00, 0x00, 0x00, 0xac, 0xf4, 0x09, 0x00, 0x2b, 0x00,
            0x00, 0x00, 0xb4, 0xf4, 0x09, 0x00, 0x2c, 0x00, 0x00, 0x00, 0xbc, 0xf4, 0x09, 0x00,
            0x2d, 0x00, 0x00, 0x00, 0xc8, 0xf4, 0x09, 0x00, 0x2e, 0x00, 0x00, 0x00, 0xcc, 0xf4,
            0x09, 0x00, 0x2f, 0x00, 0x00, 0x00, 0xd8, 0xf4, 0x09, 0x00, 0x32, 0x00, 0x00, 0x00,
            0xe0, 0xf4, 0x09, 0x00, 0x33, 0x00, 0x00, 0x00, 0xe4, 0xf4, 0x09, 0x00, 0x36, 0x00,
            0x00, 0x00, 0xec, 0xf4, 0x09, 0x00, 0x37, 0x00, 0x00, 0x00, 0xf8, 0xf4, 0x09, 0x00,
            0x38, 0x00, 0x00, 0x00, 0x04, 0xf5, 0x09, 0x00, 0x39, 0x00, 0x00, 0x00, 0x10, 0xf5,
            0x09, 0x00, 0x78, 0x00, 0x00, 0x00, 0x18, 0xf5, 0x09, 0x00, 0x79, 0x00, 0x00, 0x00,
            0x20, 0xf5, 0x09, 0x00, 0x7a, 0x00, 0x00, 0x00, 0x28, 0xf5, 0x09, 0x00, 0x7b, 0x00,
            0x00, 0x00, 0x30, 0xf5, 0x09, 0x00, 0x7c, 0x00, 0x00, 0x00, 0x38, 0xf5, 0x09, 0x00,
            0x7d, 0x00, 0x00, 0x00, 0x40, 0xf5, 0x09, 0x00, 0x7f, 0x00, 0x00, 0x00, 0x48, 0xf5,
            0x09, 0x00, 0x82, 0x00, 0x00, 0x00, 0x50, 0xf5, 0x09, 0x00, 0x83, 0x00, 0x00, 0x00,
            0x58, 0xf5, 0x09, 0x00, 0x84, 0x00, 0x00, 0x00, 0x60, 0xf5, 0x09, 0x00, 0x87, 0x00,
            0x00, 0x00, 0x68, 0xf5, 0x09, 0x00, 0x88, 0x00, 0x00, 0x00, 0x74, 0xf5, 0x09, 0x00,
            0x89, 0x00, 0x00, 0x00, 0x80, 0xf5, 0x09, 0x00, 0x8a, 0x00, 0x00, 0x00, 0x8c, 0xf5,
            0x09, 0x00, 0x8b, 0x00, 0x00, 0x00, 0x98, 0xf5, 0x09, 0x00, 0x8c, 0x00, 0x00, 0x00,
            0xa4, 0xf5, 0x09, 0x00, 0x8d, 0x00, 0x00, 0x00, 0xb0, 0xf5, 0x09, 0x00, 0x8e, 0x00,
            0x00, 0x00, 0xbc, 0xf5, 0x09, 0x00, 0xc7, 0x00, 0x00, 0x00, 0xc8, 0xf5, 0x09, 0x00,
            0xc8, 0x00, 0x00, 0x00, 0x88, 0xda, 0x06, 0x00, 0x68, 0xd1, 0x06, 0x00, 0xdc, 0xbf,
            0x06, 0x00, 0xb8, 0xe0, 0x06, 0x00, 0xf4, 0xe1, 0x06, 0x00, 0x50, 0xe9, 0x06, 0x00,
            0xc8, 0xea, 0x06, 0x00, 0x1c, 0xeb, 0x06, 0x00, 0xc8, 0xeb, 0x06, 0x00, 0x58, 0xe4,
            0x06, 0x00, 0xcc, 0xe6, 0x06, 0x00, 0x60, 0xe8, 0x06, 0x00, 0xfc, 0xeb, 0x06, 0x00,
            0x68, 0xe3, 0x06, 0x00, 0xc0, 0xec, 0x06, 0x00, 0x44, 0xed, 0x06, 0x00, 0x01, 0x00,
            0x00, 0x00, 0x01, 0x00, 0x00, 0x00, 0x00, 0x00, 0x00, 0x00, 0x00, 0x00, 0x00, 0x00,
            0x00, 0x15, 0x0a, 0x00, 0x00, 0x09, 0x00, 0x00, 0x00, 0x00, 0x00, 0x00, 0x00, 0x00,
            0x00, 0x00, 0x00, 0x00, 0x00, 0x00, 0x00, 0x00, 0x00, 0x00, 0x15, 0x10, 0x0c, 0x13,
            0x1c, 0x1e, 0x03, 0x0d, 0x1f, 0x20, 0x21, 0x22, 0x23, 0x1b, 0x1a, 0x11, 0x19, 0x19,
            0x19, 0x19, 0x19, 0x19, 0x19, 0x19, 0x19, 0x19, 0x16, 0x12, 0x02, 0x0e, 0x0b, 0x0f,
            0x1c, 0x18, 0x18, 0x18, 0x18, 0x18, 0x18, 0x16, 0x16, 0x16, 0x16, 0x16, 0x16, 0x16,
            0x16, 0x16, 0x16, 0x16, 0x16, 0x16, 0x16, 0x16, 0x16, 0x16, 0x16, 0x16, 0x16, 0x14,
            0x1c, 0x04, 0x1c, 0x16, 0x1c, 0x18, 0x18, 0x18, 0x18, 0x18, 0x18, 0x16, 0x16, 0x16,
            0x16, 0x16, 0x16, 0x16, 0x16, 0x16, 0x16, 0x16, 0x16, 0x16, 0x16, 0x16, 0x16, 0x16,
            0x16, 0x16, 0x16, 0x1c, 0x24, 0x1c, 0x1c, 0x1c, 0x08, 0x08, 0x08, 0x08, 0x08, 0x08,
            0x08, 0x08, 0x08, 0x08, 0x08, 0x08, 0x08, 0x08, 0x08, 0x08, 0x08, 0x08, 0x08, 0x08,
            0x08, 0x08, 0x08, 0x08, 0x08, 0x08, 0x08, 0x08, 0x08, 0x08, 0x08, 0x08, 0x08, 0x08,
            0x08, 0x08, 0x08, 0x08, 0x08, 0x08, 0x08, 0x08, 0x08, 0x08, 0x08, 0x08, 0x08, 0x08,
            0x08, 0x08, 0x08, 0x08, 0x08, 0x08, 0x08, 0x08, 0x08, 0x08, 0x08, 0x08, 0x08, 0x08,
            0x08, 0x08, 0x05, 0x05, 0x05, 0x05, 0x05, 0x05, 0x05, 0x05, 0x05, 0x05, 0x05, 0x05,
            0x05, 0x05, 0x05, 0x05, 0x05, 0x05, 0x05, 0x05, 0x05, 0x05, 0x05, 0x05, 0x05, 0x05,
            0x05, 0x05, 0x05, 0x05, 0x05, 0x05, 0x06, 0x06, 0x06, 0x06, 0x06, 0x06, 0x06, 0x06,
            0x06, 0x06, 0x06, 0x06, 0x06, 0x06, 0x06, 0x06, 0x07, 0x07, 0x07, 0x07, 0x07, 0x00,
            0x00, 0x00, 0x00, 0x00, 0x00, 0x00, 0x00, 0x00, 0x01, 0x01, 0xb0, 0xb5, 0x06, 0x00,
            0x1c, 0xb6, 0x06, 0x00, 0xa8, 0xb5, 0x06, 0x00, 0x94, 0xb6, 0x06, 0x00, 0x00, 0xb7,
            0x06, 0x00, 0xa8, 0xb5, 0x06, 0x00, 0xa8, 0xb5, 0x06, 0x00, 0x78, 0xb7, 0x06, 0x00,
            0xc4, 0xb7, 0x06, 0x00, 0x88, 0xda, 0x06, 0x00, 0x68, 0xd1, 0x06, 0x00, 0xdc, 0xbf,
            0x06, 0x00, 0xb8, 0xe0, 0x06, 0x00, 0xf4, 0xe1, 0x06, 0x00, 0x50, 0xe9, 0x06, 0x00,
            0xc8, 0xea, 0x06, 0x00, 0x1c, 0xeb, 0x06, 0x00, 0xc8, 0xeb, 0x06, 0x00, 0x58, 0xe4,
            0x06, 0x00, 0xcc, 0xe6, 0x06, 0x00, 0x60, 0xe8, 0x06, 0x00, 0xfc, 0xeb, 0x06, 0x00,
            0x68, 0xe3, 0x06, 0x00, 0xc0, 0xec, 0x06, 0x00, 0x44, 0xed, 0x06, 0x00, 0x01, 0x00,
            0x00, 0x00, 0x01, 0x00, 0x00, 0x00, 0x00, 0x00, 0x00, 0x00, 0x00, 0x00, 0x00, 0x00,
            0x00, 0x15, 0x0a, 0x00, 0x00, 0x15, 0x00, 0x00, 0x00, 0x00, 0x00, 0x00, 0x00, 0x00,
            0x00, 0x00, 0x00, 0x00, 0x00, 0x00, 0x00, 0x00, 0x00, 0x00, 0x15, 0x10, 0x0c, 0x13,
            0x1c, 0x1e, 0x03, 0x0d, 0x1f, 0x20, 0x21, 0x22, 0x23, 0x1b, 0x1a, 0x11, 0x19, 0x19,
            0x19, 0x19, 0x19, 0x19, 0x19, 0x19, 0x19, 0x19, 0x16, 0x12, 0x02, 0x0e, 0x0b, 0x0f,
            0x1c, 0x18, 0x18, 0x18, 0x18, 0x18, 0x18, 0x16, 0x16, 0x16, 0x16, 0x16, 0x16, 0x16,
            0x16, 0x16, 0x16, 0x16, 0x16, 0x16, 0x16, 0x16, 0x16, 0x16, 0x16, 0x16, 0x16, 0x14,
            0x1c, 0x04, 0x1c, 0x16, 0x1c, 0x18, 0x18, 0x18, 0x18, 0x18, 0x18, 0x16, 0x16, 0x16,
            0x16, 0x16, 0x16, 0x16, 0x16, 0x16, 0x16, 0x16, 0x16, 0x16, 0x16, 0x16, 0x16, 0x16,
            0x16, 0x16, 0x16, 0x1c, 0x24, 0x1c, 0x1c, 0x1c, 0x08, 0x08, 0x08, 0x08, 0x08, 0x08,
            0x08, 0x08, 0x08, 0x08, 0x08, 0x08, 0x08, 0x08, 0x08, 0x08, 0x08, 0x08, 0x08, 0x08,
            0x08, 0x08, 0x08, 0x08, 0x08, 0x08, 0x08, 0x08, 0x08, 0x08, 0x08, 0x08, 0x08, 0x08,
            0x08, 0x08, 0x08, 0x08, 0x08, 0x08, 0x08, 0x08, 0x08, 0x08, 0x08, 0x08, 0x08, 0x08,
            0x08, 0x08, 0x08, 0x08, 0x08, 0x08, 0x08, 0x08, 0x08, 0x08, 0x08, 0x08, 0x08, 0x08,
            0x08, 0x08, 0x05, 0x05, 0x05, 0x05, 0x05, 0x05, 0x05, 0x05, 0x05, 0x05, 0x05, 0x05,
            0x05, 0x05, 0x05, 0x05, 0x05, 0x05, 0x05, 0x05, 0x05, 0x05, 0x05, 0x05, 0x05, 0x05,
            0x05, 0x05, 0x05, 0x05, 0x05, 0x05, 0x06, 0x06, 0x06, 0x06, 0x06, 0x06, 0x06, 0x06,
            0x06, 0x06, 0x06, 0x06, 0x06, 0x06, 0x06, 0x06, 0x07, 0x07, 0x07, 0x07, 0x07, 0x00,
            0x00, 0x00, 0x00, 0x00, 0x00, 0x00, 0x00, 0x00, 0x01, 0x01, 0xb0, 0xb5, 0x06, 0x00,
            0x1c, 0xb6, 0x06, 0x00, 0xa8, 0xb5, 0x06, 0x00, 0x94, 0xb6, 0x06, 0x00, 0x00, 0xb7,
            0x06, 0x00, 0xa8, 0xb5, 0x06, 0x00, 0xa8, 0xb5, 0x06, 0x00, 0x78, 0xb7, 0x06, 0x00,
            0xc4, 0xb7, 0x06, 0x00, 0x88, 0xda, 0x06, 0x00, 0x68, 0xd1, 0x06, 0x00, 0xdc, 0xbf,
            0x06, 0x00, 0xb8, 0xe0, 0x06, 0x00, 0xf4, 0xe1, 0x06, 0x00, 0x50, 0xe9, 0x06, 0x00,
            0xc8, 0xea, 0x06, 0x00, 0x1c, 0xeb, 0x06, 0x00, 0xc8, 0xeb, 0x06, 0x00, 0x58, 0xe4,
            0x06, 0x00, 0xcc, 0xe6, 0x06, 0x00, 0x60, 0xe8, 0x06, 0x00, 0xfc, 0xeb, 0x06, 0x00,
            0x68, 0xe3, 0x06, 0x00, 0x88, 0xee, 0x06, 0x00, 0x20, 0xef, 0x06, 0x00, 0x01, 0x00,
            0x00, 0x00, 0x00, 0x00, 0x00, 0x00, 0x00, 0x00, 0x00, 0x00, 0x00, 0x00, 0x00, 0x00,
            0x00, 0x15, 0x0a, 0x00, 0x00, 0x09, 0x00, 0x00, 0x00, 0x00, 0x00, 0x00, 0x00, 0x00,
            0x00, 0x00, 0x00, 0x00, 0x00, 0x00, 0x00, 0x00, 0x00, 0x00, 0x15, 0x10, 0x0c, 0x13,
            0x1c, 0x1e, 0x03, 0x0d, 0x1f, 0x20, 0x21, 0x22, 0x23, 0x1b, 0x1a, 0x11, 0x19, 0x19,
            0x19, 0x19, 0x19, 0x19, 0x19, 0x19, 0x19, 0x19, 0x16, 0x12, 0x02, 0x0e, 0x0b, 0x0f,
            0x1c, 0x18, 0x18, 0x18, 0x18, 0x18, 0x18, 0x16, 0x16, 0x16, 0x16, 0x16, 0x16, 0x16,
            0x16, 0x16, 0x16, 0x16, 0x16, 0x16, 0x16, 0x16, 0x16, 0x16, 0x16, 0x16, 0x16, 0x14,
            0x1c, 0x04, 0x1c, 0x16, 0x1c, 0x18, 0x18, 0x18, 0x18, 0x18, 0x18, 0x16, 0x16, 0x16,
            0x16, 0x16, 0x16, 0x16, 0x16, 0x16, 0x16, 0x16, 0x16, 0x16, 0x16, 0x16, 0x16, 0x16,
            0x16, 0x16, 0x16, 0x1c, 0x24, 0x1c, 0x1c, 0x1c, 0x1c, 0x1c, 0x1c, 0x1c, 0x1c, 0x1c,
            0x1c, 0x1c, 0x1c, 0x1c, 0x1c, 0x1c, 0x1c, 0x1c, 0x1c, 0x1c, 0x1c, 0x1c, 0x1c, 0x1c,
            0x1c, 0x1c, 0x1c, 0x1c, 0x1c, 0x1c, 0x1c, 0x1c, 0x1c, 0x1c, 0x1c, 0x1c, 0x1c, 0x1c,
            0x1c, 0x1c, 0x1c, 0x1c, 0x1c, 0x1c, 0x1c, 0x1c, 0x16, 0x1c, 0x1c, 0x1c, 0x1c, 0x1c,
            0x1c, 0x1c, 0x1c, 0x1c, 0x1c, 0x16, 0x1c, 0x1a, 0x1c, 0x1c, 0x16, 0x1c, 0x1c, 0x1c,
            0x1c, 0x1c, 0x16, 0x16, 0x16, 0x16, 0x16, 0x16, 0x16, 0x16, 0x16, 0x16, 0x16, 0x16,
            0x16, 0x16, 0x16, 0x16, 0x16, 0x16, 0x16, 0x16, 0x16, 0x16, 0x16, 0x1c, 0x16, 0x16,
            0x16, 0x16, 0x16, 0x16, 0x16, 0x16, 0x16, 0x16, 0x16, 0x16, 0x16, 0x16, 0x16, 0x16,
            0x16, 0x16, 0x16, 0x16, 0x16, 0x16, 0x16, 0x16, 0x16, 0x16, 0x16, 0x16, 0x16, 0x16,
            0x16, 0x1c, 0x16, 0x16, 0x16, 0x16, 0x16, 0x16, 0x16, 0x16, 0x00, 0x00, 0x00, 0x00,
            0x00, 0x00, 0x00, 0x00, 0x00, 0x00, 0x00, 0x00, 0x00, 0x00, 0x00, 0x00, 0x00, 0x00,
            0x00, 0x00, 0x00, 0x00, 0x00, 0x00, 0x00, 0x00, 0x00, 0x00, 0x00, 0x00, 0x00, 0x00,
            0x00, 0x00, 0x00, 0x00, 0x88, 0xda, 0x06, 0x00, 0x68, 0xd1, 0x06, 0x00, 0xdc, 0xbf,
            0x06, 0x00, 0xb8, 0xe0, 0x06, 0x00, 0xf4, 0xe1, 0x06, 0x00, 0x50, 0xe9, 0x06, 0x00,
            0xc8, 0xea, 0x06, 0x00, 0x1c, 0xeb, 0x06, 0x00, 0xc8, 0xeb, 0x06, 0x00, 0x58, 0xe4,
            0x06, 0x00, 0xcc, 0xe6, 0x06, 0x00, 0x60, 0xe8, 0x06, 0x00, 0xfc, 0xeb, 0x06, 0x00,
            0x68, 0xe3, 0x06, 0x00, 0x78, 0xef, 0x06, 0x00, 0x20, 0xef, 0x06, 0x00, 0x01, 0x00,
            0x00, 0x00, 0x01, 0x00, 0x00, 0x00, 0x00, 0x00, 0x00, 0x00, 0x00, 0x00, 0x00, 0x00,
            0x00, 0x15, 0x0a, 0x00, 0x00, 0x09, 0x00, 0x00, 0x00, 0x00, 0x00, 0x00, 0x00, 0x00,
            0x00, 0x00, 0x00, 0x00, 0x00, 0x00, 0x00, 0x00, 0x00, 0x00, 0x15, 0x10, 0x0c, 0x13,
            0x1c, 0x1e, 0x03, 0x0d, 0x1f, 0x20, 0x21, 0x22, 0x23, 0x1b, 0x1a, 0x11, 0x19, 0x19,
            0x19, 0x19, 0x19, 0x19, 0x19, 0x19, 0x19, 0x19, 0x16, 0x12, 0x02, 0x0e, 0x0b, 0x0f,
            0x1c, 0x18, 0x18, 0x18, 0x18, 0x18, 0x18, 0x16, 0x16, 0x16, 0x16, 0x16, 0x16, 0x16,
            0x16, 0x16, 0x16, 0x16, 0x16, 0x16, 0x16, 0x16, 0x16, 0x16, 0x16, 0x16, 0x16, 0x14,
            0x1c, 0x04, 0x1c, 0x16, 0x1c, 0x18, 0x18, 0x18, 0x18, 0x18, 0x18, 0x16, 0x16, 0x16,
            0x16, 0x16, 0x16, 0x16, 0x16, 0x16, 0x16, 0x16, 0x16, 0x16, 0x16, 0x16, 0x16, 0x16,
            0x16, 0x16, 0x16, 0x1c, 0x24, 0x1c, 0x1c, 0x1c, 0x00, 0x00, 0x00, 0x00, 0x00, 0x00,
            0x00, 0x00, 0x00, 0x00, 0x00, 0x00, 0x00, 0x00, 0x00, 0x00, 0x00, 0x00, 0x00, 0x00,
            0x00, 0x00, 0x00, 0x00, 0x00, 0x00, 0x00, 0x00, 0x00, 0x00, 0x00, 0x00, 0x00, 0x00,
            0x00, 0x00, 0x00, 0x00, 0x00, 0x00, 0x00, 0x00, 0x00, 0x00, 0x00, 0x00, 0x00, 0x00,
            0x00, 0x00, 0x00, 0x00, 0x00, 0x00, 0x00, 0x00, 0x00, 0x00, 0x00, 0x00, 0x00, 0x00,
            0x00, 0x00, 0x00, 0x00, 0x00, 0x00, 0x00, 0x00, 0x00, 0x00, 0x00, 0x00, 0x00, 0x00,
            0x00, 0x00, 0x00, 0x00, 0x00, 0x00, 0x00, 0x00, 0x00, 0x00, 0x00, 0x00, 0x00, 0x00,
            0x00, 0x00, 0x00, 0x00, 0x00, 0x00, 0x00, 0x00, 0x00, 0x00, 0x00, 0x00, 0x00, 0x00,
            0x00, 0x00, 0x00, 0x00, 0x00, 0x00, 0x00, 0x00, 0x00, 0x00, 0x00, 0x00, 0x00, 0x00,
            0x00, 0x00, 0x00, 0x00, 0x00, 0x00, 0x00, 0x00, 0x00, 0x00, 0x00, 0x00, 0x00, 0x00,
            0x00, 0x00, 0x00, 0x00, 0x00, 0x00, 0x00, 0x00, 0x00, 0x00, 0x00, 0x00, 0x00, 0x00,
            0x00, 0x00, 0x00, 0x00, 0x00, 0x00, 0x00, 0x00, 0x00, 0x00, 0x00, 0x00, 0x00, 0x00,
            0x00, 0x00, 0x00, 0x00, 0x48, 0x18, 0x07, 0x00, 0x44, 0x0f, 0x07, 0x00, 0x70, 0xfd,
            0x06, 0x00, 0xd8, 0x1e, 0x07, 0x00, 0x4c, 0x20, 0x07, 0x00, 0x90, 0x29, 0x07, 0x00,
            0x38, 0x2b, 0x07, 0x00, 0x98, 0x2b, 0x07, 0x00, 0x5c, 0x2c, 0x07, 0x00, 0x38, 0x23,
            0x07, 0x00, 0xe4, 0x25, 0x07, 0x00, 0xe8, 0x27, 0x07, 0x00, 0xb0, 0x2c, 0x07, 0x00,
            0x08, 0x22, 0x07, 0x00, 0xb0, 0xf0, 0x06, 0x00, 0x50, 0xf2, 0x06, 0x00, 0x02, 0x00,
            0x00, 0x00, 0x00, 0x00, 0x00, 0x00, 0x00, 0x00, 0x00, 0x00, 0x00, 0x00, 0x00, 0x00,
            0x00, 0x15, 0x0a, 0x00, 0x00, 0x09, 0x00, 0x00, 0x00, 0x00, 0x00, 0x00, 0x00, 0x00,
            0x00, 0x00, 0x00, 0x00, 0x00, 0x00, 0x00, 0x00, 0x00, 0x00, 0x15, 0x10, 0x0c, 0x13,
            0x1c, 0x1e, 0x03, 0x0d, 0x1f, 0x20, 0x21, 0x22, 0x23, 0x1b, 0x1a, 0x11, 0x19, 0x19,
            0x19, 0x19, 0x19, 0x19, 0x19, 0x19, 0x19, 0x19, 0x16, 0x12, 0x02, 0x0e, 0x0b, 0x0f,
            0x1c, 0x18, 0x18, 0x18, 0x18, 0x18, 0x18, 0x16, 0x16, 0x16, 0x16, 0x16, 0x16, 0x16,
            0x16, 0x16, 0x16, 0x16, 0x16, 0x16, 0x16, 0x16, 0x16, 0x16, 0x16, 0x16, 0x16, 0x14,
            0x1c, 0x04, 0x1c, 0x16, 0x1c, 0x18, 0x18, 0x18, 0x18, 0x18, 0x18, 0x16, 0x16, 0x16,
            0x16, 0x16, 0x16, 0x16, 0x16, 0x16, 0x16, 0x16, 0x16, 0x16, 0x16, 0x16, 0x16, 0x16,
            0x16, 0x16, 0x16, 0x1c, 0x24, 0x1c, 0x1c, 0x1c, 0x1c, 0x1c, 0x1c, 0x1c, 0x1c, 0x1c,
            0x1c, 0x1c, 0x1c, 0x1c, 0x1c, 0x1c, 0x1c, 0x1c, 0x1c, 0x1c, 0x1c, 0x1c, 0x1c, 0x1c,
            0x1c, 0x1c, 0x1c, 0x1c, 0x1c, 0x1c, 0x1c, 0x1c, 0x1c, 0x1c, 0x1c, 0x1c, 0x1c, 0x1c,
            0x1c, 0x1c, 0x1c, 0x1c, 0x1c, 0x1c, 0x1c, 0x1c, 0x16, 0x1c, 0x1c, 0x1c, 0x1c, 0x1c,
            0x1c, 0x1c, 0x1c, 0x1c, 0x1c, 0x16, 0x1c, 0x1a, 0x1c, 0x1c, 0x16, 0x1c, 0x1c, 0x1c,
            0x1c, 0x1c, 0x16, 0x16, 0x16, 0x16, 0x16, 0x16, 0x16, 0x16, 0x16, 0x16, 0x16, 0x16,
            0x16, 0x16, 0x16, 0x16, 0x16, 0x16, 0x16, 0x16, 0x16, 0x16, 0x16, 0x1c, 0x16, 0x16,
            0x16, 0x16, 0x16, 0x16, 0x16, 0x16, 0x16, 0x16, 0x16, 0x16, 0x16, 0x16, 0x16, 0x16,
            0x16, 0x16, 0x16, 0x16, 0x16, 0x16, 0x16, 0x16, 0x16, 0x16, 0x16, 0x16, 0x16, 0x16,
            0x16, 0x1c, 0x16, 0x16, 0x16, 0x16, 0x16, 0x16, 0x16, 0x16, 0x00, 0x00, 0x00, 0x00,
            0x00, 0x00, 0x00, 0x00, 0x00, 0x00, 0x00, 0x00, 0x00, 0x00, 0x00, 0x00, 0x00, 0x00,
            0x00, 0x00, 0x00, 0x00, 0x00, 0x00, 0x00, 0x00, 0x00, 0x00, 0x00, 0x00, 0x00, 0x00,
            0x00, 0x00, 0x00, 0x00, 0x48, 0x18, 0x07, 0x00, 0x44, 0x0f, 0x07, 0x00, 0x70, 0xfd,
            0x06, 0x00, 0xd8, 0x1e, 0x07, 0x00, 0x4c, 0x20, 0x07, 0x00, 0x90, 0x29, 0x07, 0x00,
            0x38, 0x2b, 0x07, 0x00, 0x98, 0x2b, 0x07, 0x00, 0x5c, 0x2c, 0x07, 0x00, 0x38, 0x23,
            0x07, 0x00, 0xe4, 0x25, 0x07, 0x00, 0xe8, 0x27, 0x07, 0x00, 0xb0, 0x2c, 0x07, 0x00,
            0x08, 0x22, 0x07, 0x00, 0xb0, 0xf0, 0x06, 0x00, 0x50, 0xf2, 0x06, 0x00, 0x02, 0x00,
            0x00, 0x00, 0x00, 0x01, 0x00, 0x00, 0x00, 0x00, 0x00, 0x00, 0x00, 0x00, 0x00, 0x00,
            0x00, 0x15, 0x0a, 0x00, 0x00, 0x15, 0x00, 0x00, 0x00, 0x00, 0x00, 0x00, 0x00, 0x00,
            0x00, 0x00, 0x00, 0x00, 0x00, 0x00, 0x00, 0x00, 0x00, 0x00, 0x15, 0x10, 0x0c, 0x13,
            0x1c, 0x1e, 0x03, 0x0d, 0x1f, 0x20, 0x21, 0x22, 0x23, 0x1b, 0x1a, 0x11, 0x19, 0x19,
            0x19, 0x19, 0x19, 0x19, 0x19, 0x19, 0x19, 0x19, 0x16, 0x12, 0x02, 0x0e, 0x0b, 0x0f,
            0x1c, 0x18, 0x18, 0x18, 0x18, 0x18, 0x18, 0x16, 0x16, 0x16, 0x16, 0x16, 0x16, 0x16,
            0x16, 0x16, 0x16, 0x16, 0x16, 0x16, 0x16, 0x16, 0x16, 0x16, 0x16, 0x16, 0x16, 0x14,
            0x1c, 0x04, 0x1c, 0x16, 0x1c, 0x18, 0x18, 0x18, 0x18, 0x18, 0x18, 0x16, 0x16, 0x16,
            0x16, 0x16, 0x16, 0x16, 0x16, 0x16, 0x16, 0x16, 0x16, 0x16, 0x16, 0x16, 0x16, 0x16,
            0x16, 0x16, 0x16, 0x1c, 0x24, 0x1c, 0x1c, 0x1c, 0x1c, 0x1c, 0x1c, 0x1c, 0x1c, 0x1c,
            0x1c, 0x1c, 0x1c, 0x1c, 0x1c, 0x1c, 0x1c, 0x1c, 0x1c, 0x1c, 0x1c, 0x1c, 0x1c, 0x1c,
            0x1c, 0x1c, 0x1c, 0x1c, 0x1c, 0x1c, 0x1c, 0x1c, 0x1c, 0x1c, 0x1c, 0x1c, 0x1c, 0x1c,
            0x1c, 0x1c, 0x1c, 0x1c, 0x1c, 0x1c, 0x1c, 0x1c, 0x16, 0x1c, 0x1c, 0x1c, 0x1c, 0x1c,
            0x1c, 0x1c, 0x1c, 0x1c, 0x1c, 0x16, 0x1c, 0x1a, 0x1c, 0x1c, 0x16, 0x1c, 0x1c, 0x1c,
            0x1c, 0x1c, 0x16, 0x16, 0x16, 0x16, 0x16, 0x16, 0x16, 0x16, 0x16, 0x16, 0x16, 0x16,
            0x16, 0x16, 0x16, 0x16, 0x16, 0x16, 0x16, 0x16, 0x16, 0x16, 0x16, 0x1c, 0x16, 0x16,
            0x16, 0x16, 0x16, 0x16, 0x16, 0x16, 0x16, 0x16, 0x16, 0x16, 0x16, 0x16, 0x16, 0x16,
            0x16, 0x16, 0x16, 0x16, 0x16, 0x16, 0x16, 0x16, 0x16, 0x16, 0x16, 0x16, 0x16, 0x16,
            0x16, 0x1c, 0x16, 0x16, 0x16, 0x16, 0x16, 0x16, 0x16, 0x16, 0x00, 0x00, 0x00, 0x00,
            0x00, 0x00, 0x00, 0x00, 0x00, 0x00, 0x00, 0x00, 0x00, 0x00, 0x00, 0x00, 0x00, 0x00,
            0x00, 0x00, 0x00, 0x00, 0x00, 0x00, 0x00, 0x00, 0x00, 0x00, 0x00, 0x00, 0x00, 0x00,
            0x00, 0x00, 0x00, 0x00, 0xc8, 0x50, 0x07, 0x00, 0xc4, 0x47, 0x07, 0x00, 0xf0, 0x35,
            0x07, 0x00, 0x58, 0x57, 0x07, 0x00, 0xcc, 0x58, 0x07, 0x00, 0xe0, 0x61, 0x07, 0x00,
            0x88, 0x63, 0x07, 0x00, 0xe8, 0x63, 0x07, 0x00, 0xac, 0x64, 0x07, 0x00, 0xb8, 0x5b,
            0x07, 0x00, 0x64, 0x5e, 0x07, 0x00, 0x58, 0x60, 0x07, 0x00, 0x00, 0x65, 0x07, 0x00,
            0x88, 0x5a, 0x07, 0x00, 0xe8, 0xf2, 0x06, 0x00, 0x8c, 0xf4, 0x06, 0x00, 0x02, 0x00,
            0x00, 0x00, 0x00, 0x00, 0x00, 0x00, 0x00, 0x00, 0x00, 0x00, 0x00, 0x00, 0x00, 0x00,
            0x00, 0x15, 0x0a, 0x00, 0x00, 0x09, 0x00, 0x00, 0x00, 0x00, 0x00, 0x00, 0x00, 0x00,
            0x00, 0x00, 0x00, 0x00, 0x00, 0x00, 0x00, 0x00, 0x00, 0x00, 0x15, 0x10, 0x0c, 0x13,
            0x1c, 0x1e, 0x03, 0x0d, 0x1f, 0x20, 0x21, 0x22, 0x23, 0x1b, 0x1a, 0x11, 0x19, 0x19,
            0x19, 0x19, 0x19, 0x19, 0x19, 0x19, 0x19, 0x19, 0x16, 0x12, 0x02, 0x0e, 0x0b, 0x0f,
            0x1c, 0x18, 0x18, 0x18, 0x18, 0x18, 0x18, 0x16, 0x16, 0x16, 0x16, 0x16, 0x16, 0x16,
            0x16, 0x16, 0x16, 0x16, 0x16, 0x16, 0x16, 0x16, 0x16, 0x16, 0x16, 0x16, 0x16, 0x14,
            0x1c, 0x04, 0x1c, 0x16, 0x1c, 0x18, 0x18, 0x18, 0x18, 0x18, 0x18, 0x16, 0x16, 0x16,
            0x16, 0x16, 0x16, 0x16, 0x16, 0x16, 0x16, 0x16, 0x16, 0x16, 0x16, 0x16, 0x16, 0x16,
            0x16, 0x16, 0x16, 0x1c, 0x24, 0x1c, 0x1c, 0x1c, 0x1c, 0x1c, 0x1c, 0x1c, 0x1c, 0x1c,
            0x1c, 0x1c, 0x1c, 0x1c, 0x1c, 0x1c, 0x1c, 0x1c, 0x1c, 0x1c, 0x1c, 0x1c, 0x1c, 0x1c,
            0x1c, 0x1c, 0x1c, 0x1c, 0x1c, 0x1c, 0x1c, 0x1c, 0x1c, 0x1c, 0x1c, 0x1c, 0x1c, 0x1c,
            0x1c, 0x1c, 0x1c, 0x1c, 0x1c, 0x1c, 0x1c, 0x1c, 0x16, 0x1c, 0x1c, 0x1c, 0x1c, 0x1c,
            0x1c, 0x1c, 0x1c, 0x1c, 0x1c, 0x16, 0x1c, 0x1a, 0x1c, 0x1c, 0x16, 0x1c, 0x1c, 0x1c,
            0x1c, 0x1c, 0x16, 0x16, 0x16, 0x16, 0x16, 0x16, 0x16, 0x16, 0x16, 0x16, 0x16, 0x16,
            0x16, 0x16, 0x16, 0x16, 0x16, 0x16, 0x16, 0x16, 0x16, 0x16, 0x16, 0x1c, 0x16, 0x16,
            0x16, 0x16, 0x16, 0x16, 0x16, 0x16, 0x16, 0x16, 0x16, 0x16, 0x16, 0x16, 0x16, 0x16,
            0x16, 0x16, 0x16, 0x16, 0x16, 0x16, 0x16, 0x16, 0x16, 0x16, 0x16, 0x16, 0x16, 0x16,
            0x16, 0x1c, 0x16, 0x16, 0x16, 0x16, 0x16, 0x16, 0x16, 0x16, 0x00, 0x00, 0x00, 0x00,
            0x00, 0x00, 0x00, 0x00, 0x00, 0x00, 0x00, 0x00, 0x00, 0x00, 0x00, 0x00, 0x00, 0x00,
            0x00, 0x00, 0x00, 0x00, 0x00, 0x00, 0x00, 0x00, 0x00, 0x00, 0x00, 0x00, 0x00, 0x00,
            0x00, 0x00, 0x00, 0x00, 0xc8, 0x50, 0x07, 0x00, 0xc4, 0x47, 0x07, 0x00, 0xf0, 0x35,
            0x07, 0x00, 0x58, 0x57, 0x07, 0x00, 0xcc, 0x58, 0x07, 0x00, 0xe0, 0x61, 0x07, 0x00,
            0x88, 0x63, 0x07, 0x00, 0xe8, 0x63, 0x07, 0x00, 0xac, 0x64, 0x07, 0x00, 0xb8, 0x5b,
            0x07, 0x00, 0x64, 0x5e, 0x07, 0x00, 0x58, 0x60, 0x07, 0x00, 0x00, 0x65, 0x07, 0x00,
            0x88, 0x5a, 0x07, 0x00, 0xe8, 0xf2, 0x06, 0x00, 0x8c, 0xf4, 0x06, 0x00, 0x02, 0x00,
            0x00, 0x00, 0x00, 0x01, 0x00, 0x00, 0x00, 0x00, 0x00, 0x00, 0x00, 0x00, 0x00, 0x00,
            0x00, 0x15, 0x0a, 0x00, 0x00, 0x15, 0x00, 0x00, 0x00, 0x00, 0x00, 0x00, 0x00, 0x00,
            0x00, 0x00, 0x00, 0x00, 0x00, 0x00, 0x00, 0x00, 0x00, 0x00, 0x15, 0x10, 0x0c, 0x13,
            0x1c, 0x1e, 0x03, 0x0d, 0x1f, 0x20, 0x21, 0x22, 0x23, 0x1b, 0x1a, 0x11, 0x19, 0x19,
            0x19, 0x19, 0x19, 0x19, 0x19, 0x19, 0x19, 0x19, 0x16, 0x12, 0x02, 0x0e, 0x0b, 0x0f,
            0x1c, 0x18, 0x18, 0x18, 0x18, 0x18, 0x18, 0x16, 0x16, 0x16, 0x16, 0x16, 0x16, 0x16,
            0x16, 0x16, 0x16, 0x16, 0x16, 0x16, 0x16, 0x16, 0x16, 0x16, 0x16, 0x16, 0x16, 0x14,
            0x1c, 0x04, 0x1c, 0x16, 0x1c, 0x18, 0x18, 0x18, 0x18, 0x18, 0x18, 0x16, 0x16, 0x16,
            0x16, 0x16, 0x16, 0x16, 0x16, 0x16, 0x16, 0x16, 0x16, 0x16, 0x16, 0x16, 0x16, 0x16,
            0x16, 0x16, 0x16, 0x1c, 0x24, 0x1c, 0x1c, 0x1c, 0x1c, 0x1c, 0x1c, 0x1c, 0x1c, 0x1c,
            0x1c, 0x1c, 0x1c, 0x1c, 0x1c, 0x1c, 0x1c, 0x1c, 0x1c, 0x1c, 0x1c, 0x1c, 0x1c, 0x1c,
            0x1c, 0x1c, 0x1c, 0x1c, 0x1c, 0x1c, 0x1c, 0x1c, 0x1c, 0x1c, 0x1c, 0x1c, 0x1c, 0x1c,
            0x1c, 0x1c, 0x1c, 0x1c, 0x1c, 0x1c, 0x1c, 0x1c, 0x16, 0x1c, 0x1c, 0x1c, 0x1c, 0x1c,
            0x1c, 0x1c, 0x1c, 0x1c, 0x1c, 0x16, 0x1c, 0x1a, 0x1c, 0x1c, 0x16, 0x1c, 0x1c, 0x1c,
            0x1c, 0x1c, 0x16, 0x16, 0x16, 0x16, 0x16, 0x16, 0x16, 0x16, 0x16, 0x16, 0x16, 0x16,
            0x16, 0x16, 0x16, 0x16, 0x16, 0x16, 0x16, 0x16, 0x16, 0x16, 0x16, 0x1c, 0x16, 0x16,
            0x16, 0x16, 0x16, 0x16, 0x16, 0x16, 0x16, 0x16, 0x16, 0x16, 0x16, 0x16, 0x16, 0x16,
            0x16, 0x16, 0x16, 0x16, 0x16, 0x16, 0x16, 0x16, 0x16, 0x16, 0x16, 0x16, 0x16, 0x16,
            0x16, 0x1c, 0x16, 0x16, 0x16, 0x16, 0x16, 0x16, 0x16, 0x16, 0x00, 0x00, 0x00, 0x00,
            0x00, 0x00, 0x00, 0x00, 0x00, 0x00, 0x00, 0x00, 0x00, 0x00, 0x00, 0x00, 0x00, 0x00,
            0x00, 0x00, 0x00, 0x00, 0x00, 0x00, 0x00, 0x00, 0x00, 0x00, 0x00, 0x00, 0x00, 0x00,
            0x00, 0x00, 0x00, 0x00, 0x40, 0xdb, 0x09, 0x00, 0x08, 0xeb, 0x0a, 0x00, 0x0c, 0xeb,
            0x0a, 0x00, 0x10, 0xeb, 0x0a, 0x00, 0xa4, 0xfc, 0x09, 0x00, 0x58, 0xda, 0x09, 0x00,
            0x68, 0xda, 0x09, 0x00, 0x44, 0xb0, 0x09, 0x00, 0x00, 0xb1, 0x09, 0x00, 0x00, 0xe9,
            0x0a, 0x00, 0x20, 0xd3, 0x09, 0x00, 0xf0, 0xea, 0x0a, 0x00, 0xf4, 0xea, 0x0a, 0x00,
            0xf8, 0xea, 0x0a, 0x00, 0xfc, 0xea, 0x0a, 0x00, 0x00, 0xeb, 0x0a, 0x00, 0x04, 0xeb,
            0x0a, 0x00, 0xd8, 0x00, 0x0a, 0x00, 0xd0, 0x00, 0x0a, 0x00, 0x14, 0xeb, 0x0a, 0x00,
            0xc0, 0x00, 0x0a, 0x00, 0x00, 0x00, 0x00, 0x00,
        ],
    ),
    (
        0xbaf30,
        &[
            0x60, 0xae, 0x0b, 0x00, 0x00, 0x00, 0x00, 0x00, 0x00, 0x00, 0x00, 0x00, 0x28, 0xce,
            0x00, 0x00, 0x28, 0xce, 0x00, 0x00, 0x28, 0xce, 0x00, 0x00, 0x28, 0xce, 0x00, 0x00,
            0x28, 0xce, 0x00, 0x00, 0x28, 0xce, 0x00, 0x00, 0x28, 0xce, 0x00, 0x00, 0x28, 0xce,
            0x00, 0x00, 0x28, 0xce, 0x00, 0x00, 0x28, 0xce, 0x00, 0x00, 0x28, 0xce, 0x00, 0x00,
            0x28, 0xce, 0x00, 0x00, 0x28, 0xce, 0x00, 0x00, 0x28, 0xce, 0x00, 0x00, 0x28, 0xce,
            0x00, 0x00, 0x28, 0xce, 0x00, 0x00, 0x28, 0xce, 0x00, 0x00, 0x28, 0xce, 0x00, 0x00,
            0x28, 0xce, 0x00, 0x00, 0x28, 0xce, 0x00, 0x00, 0x28, 0xce, 0x00, 0x00, 0x28, 0xce,
            0x00, 0x00, 0x28, 0xce, 0x00, 0x00, 0x28, 0xce, 0x00, 0x00, 0x28, 0xce, 0x00, 0x00,
            0x28, 0xce, 0x00, 0x00, 0x28, 0xce, 0x00, 0x00, 0x28, 0xce, 0x00, 0x00, 0x28, 0xce,
            0x00, 0x00, 0x28, 0xce, 0x00, 0x00, 0x28, 0xce, 0x00, 0x00, 0x28, 0xce, 0x00, 0x00,
            0x28, 0xce, 0x00, 0x00, 0x28, 0xce, 0x00, 0x00, 0x28, 0xce, 0x00, 0x00, 0x28, 0xce,
            0x00, 0x00, 0x28, 0xce, 0x00, 0x00, 0x28, 0xce, 0x00, 0x00, 0x28, 0xce, 0x00, 0x00,
            0x28, 0xce, 0x00, 0x00, 0x28, 0xce, 0x00, 0x00, 0x28, 0xce, 0x00, 0x00, 0x28, 0xce,
            0x00, 0x00, 0x28, 0xce, 0x00, 0x00, 0x28, 0xce, 0x00, 0x00, 0x28, 0xce, 0x00, 0x00,
            0x28, 0xce, 0x00, 0x00, 0x28, 0xce, 0x00, 0x00, 0x28, 0xce, 0x00, 0x00, 0x28, 0xce,
            0x00, 0x00, 0x28, 0xce, 0x00, 0x00, 0x28, 0xce, 0x00, 0x00, 0x28, 0xce, 0x00, 0x00,
            0x28, 0xce, 0x00, 0x00, 0x28, 0xce, 0x00, 0x00, 0x28, 0xce, 0x00, 0x00, 0x28, 0xce,
            0x00, 0x00, 0x28, 0xce, 0x00, 0x00, 0x28, 0xce, 0x00, 0x00, 0x28, 0xce, 0x00, 0x00,
            0x28, 0xce, 0x00, 0x00, 0x28, 0xce, 0x00, 0x00, 0x28, 0xce, 0x00, 0x00, 0x28, 0xce,
            0x00, 0x00, 0x28, 0xce, 0x00, 0x00, 0x28, 0xce, 0x00, 0x00, 0x28, 0xce, 0x00, 0x00,
            0x28, 0xce, 0x00, 0x00, 0x28, 0xce, 0x00, 0x00, 0x28, 0xce, 0x00, 0x00, 0x28, 0xce,
            0x00, 0x00, 0x28, 0xce, 0x00, 0x00, 0x28, 0xce, 0x00, 0x00, 0x28, 0xce, 0x00, 0x00,
            0x28, 0xce, 0x00, 0x00, 0x28, 0xce, 0x00, 0x00, 0x28, 0xce, 0x00, 0x00, 0x28, 0xce,
            0x00, 0x00, 0x28, 0xce, 0x00, 0x00, 0x28, 0xce, 0x00, 0x00, 0x28, 0xce, 0x00, 0x00,
            0x28, 0xce, 0x00, 0x00, 0x28, 0xce, 0x00, 0x00, 0x28, 0xce, 0x00, 0x00, 0x28, 0xce,
            0x00, 0x00, 0x28, 0xce, 0x00, 0x00, 0x28, 0xce, 0x00, 0x00, 0x28, 0xce, 0x00, 0x00,
            0x28, 0xce, 0x00, 0x00, 0x28, 0xce, 0x00, 0x00, 0x28, 0xce, 0x00, 0x00, 0x28, 0xce,
            0x00, 0x00, 0x28, 0xce, 0x00, 0x00, 0x28, 0xce, 0x00, 0x00, 0x28, 0xce, 0x00, 0x00,
            0x28, 0xce, 0x00, 0x00, 0x28, 0xce, 0x00, 0x00, 0x28, 0xce, 0x00, 0x00, 0x28, 0xce,
            0x00, 0x00, 0x28, 0xce, 0x00, 0x00, 0x28, 0xce, 0x00, 0x00, 0x28, 0xce, 0x00, 0x00,
            0x28, 0xce, 0x00, 0x00, 0x28, 0xce, 0x00, 0x00, 0x28, 0xce, 0x00, 0x00, 0x28, 0xce,
            0x00, 0x00, 0x28, 0xce, 0x00, 0x00, 0x28, 0xce, 0x00, 0x00, 0x28, 0xce, 0x00, 0x00,
            0x28, 0xce, 0x00, 0x00, 0x28, 0xce, 0x00, 0x00, 0x28, 0xce, 0x00, 0x00, 0x28, 0xce,
            0x00, 0x00, 0x28, 0xce, 0x00, 0x00, 0x28, 0xce, 0x00, 0x00, 0x28, 0xce, 0x00, 0x00,
            0x28, 0xce, 0x00, 0x00, 0x28, 0xce, 0x00, 0x00, 0x28, 0xce, 0x00, 0x00, 0x28, 0xce,
            0x00, 0x00, 0x28, 0xce, 0x00, 0x00, 0x28, 0xce, 0x00, 0x00, 0x28, 0xce, 0x00, 0x00,
            0x28, 0xce, 0x00, 0x00, 0x28, 0xce, 0x00, 0x00, 0x28, 0xce, 0x00, 0x00, 0x28, 0xce,
            0x00, 0x00, 0x28, 0xce, 0x00, 0x00, 0x28, 0xce, 0x00, 0x00, 0x28, 0xce, 0x00, 0x00,
            0x28, 0xce, 0x00, 0x00, 0x28, 0xce, 0x00, 0x00, 0x28, 0xce, 0x00, 0x00, 0x28, 0xce,
            0x00, 0x00, 0x28, 0xce, 0x00, 0x00, 0x28, 0xce, 0x00, 0x00, 0x28, 0xce, 0x00, 0x00,
            0x28, 0xce, 0x00, 0x00, 0x28, 0xce, 0x00, 0x00, 0x28, 0xce, 0x00, 0x00, 0x28, 0xce,
            0x00, 0x00, 0x28, 0xce, 0x00, 0x00, 0x28, 0xce, 0x00, 0x00, 0x28, 0xce, 0x00, 0x00,
            0x28, 0xce, 0x00, 0x00, 0x28, 0xce, 0x00, 0x00, 0x28, 0xce, 0x00, 0x00, 0x28, 0xce,
            0x00, 0x00, 0x28, 0xce, 0x00, 0x00, 0x28, 0xce, 0x00, 0x00, 0x28, 0xce, 0x00, 0x00,
            0x28, 0xce, 0x00, 0x00, 0x28, 0xce, 0x00, 0x00, 0x28, 0xce, 0x00, 0x00, 0x28, 0xce,
            0x00, 0x00, 0x28, 0xce, 0x00, 0x00, 0x28, 0xce, 0x00, 0x00, 0x28, 0xce, 0x00, 0x00,
            0x28, 0xce, 0x00, 0x00, 0x28, 0xce, 0x00, 0x00, 0x28, 0xce, 0x00, 0x00, 0x28, 0xce,
            0x00, 0x00, 0x28, 0xce, 0x00, 0x00, 0x28, 0xce, 0x00, 0x00, 0x28, 0xce, 0x00, 0x00,
            0x28, 0xce, 0x00, 0x00, 0x28, 0xce, 0x00, 0x00, 0x28, 0xce, 0x00, 0x00, 0x28, 0xce,
            0x00, 0x00, 0x28, 0xce, 0x00, 0x00, 0x28, 0xce, 0x00, 0x00, 0x28, 0xce, 0x00, 0x00,
            0x28, 0xce, 0x00, 0x00, 0x28, 0xce, 0x00, 0x00, 0x28, 0xce, 0x00, 0x00, 0x28, 0xce,
            0x00, 0x00, 0x28, 0xce, 0x00, 0x00, 0x28, 0xce, 0x00, 0x00, 0x28, 0xce, 0x00, 0x00,
            0x28, 0xce, 0x00, 0x00, 0x28, 0xce, 0x00, 0x00, 0x28, 0xce, 0x00, 0x00, 0x28, 0xce,
            0x00, 0x00, 0x28, 0xce, 0x00, 0x00, 0x28, 0xce, 0x00, 0x00, 0x28, 0xce, 0x00, 0x00,
            0x28, 0xce, 0x00, 0x00, 0x28, 0xce, 0x00, 0x00, 0x28, 0xce, 0x00, 0x00, 0x28, 0xce,
            0x00, 0x00, 0x28, 0xce, 0x00, 0x00, 0x28, 0xce, 0x00, 0x00, 0x28, 0xce, 0x00, 0x00,
            0x28, 0xce, 0x00, 0x00, 0x28, 0xce, 0x00, 0x00, 0x28, 0xce, 0x00, 0x00, 0x28, 0xce,
            0x00, 0x00, 0x28, 0xce, 0x00, 0x00, 0x28, 0xce, 0x00, 0x00, 0x28, 0xce, 0x00, 0x00,
            0x28, 0xce, 0x00, 0x00, 0x28, 0xce, 0x00, 0x00, 0x28, 0xce, 0x00, 0x00, 0x28, 0xce,
            0x00, 0x00, 0x28, 0xce, 0x00, 0x00, 0x28, 0xce, 0x00, 0x00, 0x28, 0xce, 0x00, 0x00,
            0x28, 0xce, 0x00, 0x00, 0x28, 0xce, 0x00, 0x00, 0x28, 0xce, 0x00, 0x00, 0x28, 0xce,
            0x00, 0x00, 0x28, 0xce, 0x00, 0x00, 0x28, 0xce, 0x00, 0x00, 0x28, 0xce, 0x00, 0x00,
            0x28, 0xce, 0x00, 0x00, 0x28, 0xce, 0x00, 0x00, 0x28, 0xce, 0x00, 0x00, 0x28, 0xce,
            0x00, 0x00, 0x28, 0xce, 0x00, 0x00, 0x28, 0xce, 0x00, 0x00, 0x28, 0xce, 0x00, 0x00,
            0x28, 0xce, 0x00, 0x00, 0x28, 0xce, 0x00, 0x00, 0x28, 0xce, 0x00, 0x00, 0x28, 0xce,
            0x00, 0x00, 0x28, 0xce, 0x00, 0x00, 0x28, 0xce, 0x00, 0x00, 0x28, 0xce, 0x00, 0x00,
            0x28, 0xce, 0x00, 0x00, 0x28, 0xce, 0x00, 0x00, 0x28, 0xce, 0x00, 0x00, 0x28, 0xce,
            0x00, 0x00, 0x28, 0xce, 0x00, 0x00, 0x28, 0xce, 0x00, 0x00, 0x28, 0xce, 0x00, 0x00,
            0x28, 0xce, 0x00, 0x00, 0x28, 0xce, 0x00, 0x00, 0x28, 0xce, 0x00, 0x00, 0x28, 0xce,
            0x00, 0x00, 0x28, 0xce, 0x00, 0x00, 0x28, 0xce, 0x00, 0x00, 0x28, 0xce, 0x00, 0x00,
            0x28, 0xce, 0x00, 0x00, 0x28, 0xce, 0x00, 0x00, 0x28, 0xce, 0x00, 0x00, 0x28, 0xce,
            0x00, 0x00, 0x28, 0xce, 0x00, 0x00, 0x28, 0xce, 0x00, 0x00, 0x28, 0xce, 0x00, 0x00,
            0x28, 0xce, 0x00, 0x00, 0x28, 0xce, 0x00, 0x00, 0x28, 0xce, 0x00, 0x00, 0x28, 0xce,
            0x00, 0x00, 0x28, 0xce, 0x00, 0x00, 0x28, 0xce, 0x00, 0x00, 0x28, 0xce, 0x00, 0x00,
            0x28, 0xce, 0x00, 0x00, 0x28, 0xce, 0x00, 0x00, 0x28, 0xce, 0x00, 0x00, 0x28, 0xce,
            0x00, 0x00, 0x28, 0xce, 0x00, 0x00, 0x28, 0xce, 0x00, 0x00, 0x28, 0xce, 0x00, 0x00,
            0x28, 0xce, 0x00, 0x00, 0x28, 0xce, 0x00, 0x00, 0x28, 0xce, 0x00, 0x00, 0x28, 0xce,
            0x00, 0x00, 0x28, 0xce, 0x00, 0x00, 0x28, 0xce, 0x00, 0x00, 0x28, 0xce, 0x00, 0x00,
            0x28, 0xce, 0x00, 0x00, 0x28, 0xce, 0x00, 0x00, 0x28, 0xce, 0x00, 0x00, 0x28, 0xce,
            0x00, 0x00, 0x28, 0xce, 0x00, 0x00, 0x28, 0xce, 0x00, 0x00, 0x28, 0xce, 0x00, 0x00,
            0x28, 0xce, 0x00, 0x00, 0x28, 0xce, 0x00, 0x00, 0x28, 0xce, 0x00, 0x00, 0x28, 0xce,
            0x00, 0x00, 0x28, 0xce, 0x00, 0x00, 0x28, 0xce, 0x00, 0x00, 0x28, 0xce, 0x00, 0x00,
            0x28, 0xce, 0x00, 0x00, 0x28, 0xce, 0x00, 0x00, 0x28, 0xce, 0x00, 0x00, 0x28, 0xce,
            0x00, 0x00, 0x28, 0xce, 0x00, 0x00, 0x28, 0xce, 0x00, 0x00, 0x28, 0xce, 0x00, 0x00,
            0x28, 0xce, 0x00, 0x00, 0x28, 0xce, 0x00, 0x00, 0x28, 0xce, 0x00, 0x00, 0x28, 0xce,
            0x00, 0x00, 0x28, 0xce, 0x00, 0x00, 0x28, 0xce, 0x00, 0x00, 0x28, 0xce, 0x00, 0x00,
            0x28, 0xce, 0x00, 0x00, 0x28, 0xce, 0x00, 0x00, 0x28, 0xce, 0x00, 0x00, 0x28, 0xce,
            0x00, 0x00, 0x28, 0xce, 0x00, 0x00, 0x28, 0xce, 0x00, 0x00, 0x28, 0xce, 0x00, 0x00,
            0x28, 0xce, 0x00, 0x00, 0x28, 0xce, 0x00, 0x00, 0x28, 0xce, 0x00, 0x00, 0x28, 0xce,
            0x00, 0x00, 0x28, 0xce, 0x00, 0x00, 0x28, 0xce, 0x00, 0x00, 0x28, 0xce, 0x00, 0x00,
            0x28, 0xce, 0x00, 0x00, 0x28, 0xce, 0x00, 0x00, 0x28, 0xce, 0x00, 0x00, 0x28, 0xce,
            0x00, 0x00, 0x28, 0xce, 0x00, 0x00, 0x28, 0xce, 0x00, 0x00, 0x28, 0xce, 0x00, 0x00,
            0x28, 0xce, 0x00, 0x00, 0x28, 0xce, 0x00, 0x00, 0x28, 0xce, 0x00, 0x00, 0x28, 0xce,
            0x00, 0x00, 0x28, 0xce, 0x00, 0x00, 0x28, 0xce, 0x00, 0x00, 0x28, 0xce, 0x00, 0x00,
            0x28, 0xce, 0x00, 0x00, 0x28, 0xce, 0x00, 0x00, 0x28, 0xce, 0x00, 0x00, 0x28, 0xce,
            0x00, 0x00, 0x28, 0xce, 0x00, 0x00, 0x28, 0xce, 0x00, 0x00, 0x28, 0xce, 0x00, 0x00,
            0x28, 0xce, 0x00, 0x00, 0x28, 0xce, 0x00, 0x00, 0x28, 0xce, 0x00, 0x00, 0x28, 0xce,
            0x00, 0x00, 0x28, 0xce, 0x00, 0x00, 0x28, 0xce, 0x00, 0x00, 0x28, 0xce, 0x00, 0x00,
            0x28, 0xce, 0x00, 0x00, 0x28, 0xce, 0x00, 0x00, 0x28, 0xce, 0x00, 0x00, 0x28, 0xce,
            0x00, 0x00, 0x28, 0xce, 0x00, 0x00, 0x28, 0xce, 0x00, 0x00, 0x28, 0xce, 0x00, 0x00,
            0x28, 0xce, 0x00, 0x00, 0x28, 0xce, 0x00, 0x00, 0x28, 0xce, 0x00, 0x00, 0x28, 0xce,
            0x00, 0x00, 0x28, 0xce, 0x00, 0x00, 0x28, 0xce, 0x00, 0x00, 0x28, 0xce, 0x00, 0x00,
            0x28, 0xce, 0x00, 0x00, 0x28, 0xce, 0x00, 0x00, 0x28, 0xce, 0x00, 0x00, 0x28, 0xce,
            0x00, 0x00, 0x28, 0xce, 0x00, 0x00, 0x28, 0xce, 0x00, 0x00, 0x28, 0xce, 0x00, 0x00,
            0x28, 0xce, 0x00, 0x00, 0x28, 0xce, 0x00, 0x00, 0x28, 0xce, 0x00, 0x00, 0x28, 0xce,
            0x00, 0x00, 0x28, 0xce, 0x00, 0x00, 0x28, 0xce, 0x00, 0x00, 0x28, 0xce, 0x00, 0x00,
            0x28, 0xce, 0x00, 0x00, 0x28, 0xce, 0x00, 0x00, 0x28, 0xce, 0x00, 0x00, 0x28, 0xce,
            0x00, 0x00, 0x28, 0xce, 0x00, 0x00, 0x28, 0xce, 0x00, 0x00, 0x28, 0xce, 0x00, 0x00,
            0x28, 0xce, 0x00, 0x00, 0x28, 0xce, 0x00, 0x00, 0x28, 0xce, 0x00, 0x00, 0x28, 0xce,
            0x00, 0x00, 0x28, 0xce, 0x00, 0x00, 0x28, 0xce, 0x00, 0x00, 0x28, 0xce, 0x00, 0x00,
            0x28, 0xce, 0x00, 0x00, 0x28, 0xce, 0x00, 0x00, 0x28, 0xce, 0x00, 0x00, 0x28, 0xce,
            0x00, 0x00, 0x28, 0xce, 0x00, 0x00, 0x28, 0xce, 0x00, 0x00, 0x28, 0xce, 0x00, 0x00,
            0x28, 0xce, 0x00, 0x00, 0x28, 0xce, 0x00, 0x00, 0x28, 0xce, 0x00, 0x00, 0x28, 0xce,
            0x00, 0x00, 0x28, 0xce, 0x00, 0x00, 0x28, 0xce, 0x00, 0x00, 0x28, 0xce, 0x00, 0x00,
            0x28, 0xce, 0x00, 0x00, 0x28, 0xce, 0x00, 0x00, 0x28, 0xce, 0x00, 0x00, 0x28, 0xce,
            0x00, 0x00, 0x28, 0xce, 0x00, 0x00, 0x28, 0xce, 0x00, 0x00, 0x28, 0xce, 0x00, 0x00,
            0x28, 0xce, 0x00, 0x00, 0x28, 0xce, 0x00, 0x00, 0x28, 0xce, 0x00, 0x00, 0x28, 0xce,
            0x00, 0x00, 0x28, 0xce, 0x00, 0x00, 0x28, 0xce, 0x00, 0x00, 0x28, 0xce, 0x00, 0x00,
            0x28, 0xce, 0x00, 0x00, 0x28, 0xce, 0x00, 0x00, 0x28, 0xce, 0x00, 0x00, 0x28, 0xce,
            0x00, 0x00, 0x28, 0xce, 0x00, 0x00, 0x28, 0xce, 0x00, 0x00, 0x28, 0xce, 0x00, 0x00,
            0x28, 0xce, 0x00, 0x00, 0x28, 0xce, 0x00, 0x00, 0x28, 0xce, 0x00, 0x00, 0x28, 0xce,
            0x00, 0x00, 0x28, 0xce, 0x00, 0x00, 0x28, 0xce, 0x00, 0x00, 0x28, 0xce, 0x00, 0x00,
            0x28, 0xce, 0x00, 0x00, 0x28, 0xce, 0x00, 0x00, 0x28, 0xce, 0x00, 0x00, 0x28, 0xce,
            0x00, 0x00, 0x28, 0xce, 0x00, 0x00, 0x28, 0xce, 0x00, 0x00, 0x28, 0xce, 0x00, 0x00,
            0x28, 0xce, 0x00, 0x00, 0x28, 0xce, 0x00, 0x00, 0x28, 0xce, 0x00, 0x00, 0x28, 0xce,
            0x00, 0x00, 0x28, 0xce, 0x00, 0x00, 0x28, 0xce, 0x00, 0x00, 0x28, 0xce, 0x00, 0x00,
            0x28, 0xce, 0x00, 0x00, 0x28, 0xce, 0x00, 0x00, 0x28, 0xce, 0x00, 0x00, 0x28, 0xce,
            0x00, 0x00, 0x28, 0xce, 0x00, 0x00, 0x28, 0xce, 0x00, 0x00, 0x28, 0xce, 0x00, 0x00,
            0x28, 0xce, 0x00, 0x00, 0x28, 0xce, 0x00, 0x00, 0x28, 0xce, 0x00, 0x00, 0x28, 0xce,
            0x00, 0x00, 0x28, 0xce, 0x00, 0x00, 0x28, 0xce, 0x00, 0x00, 0x28, 0xce, 0x00, 0x00,
            0x28, 0xce, 0x00, 0x00, 0x28, 0xce, 0x00, 0x00, 0x28, 0xce, 0x00, 0x00, 0x28, 0xce,
            0x00, 0x00, 0x28, 0xce, 0x00, 0x00, 0x28, 0xce, 0x00, 0x00, 0x28, 0xce, 0x00, 0x00,
            0x28, 0xce, 0x00, 0x00, 0x28, 0xce, 0x00, 0x00, 0x28, 0xce, 0x00, 0x00, 0x28, 0xce,
            0x00, 0x00, 0x28, 0xce, 0x00, 0x00, 0x28, 0xce, 0x00, 0x00, 0x28, 0xce, 0x00, 0x00,
            0x28, 0xce, 0x00, 0x00, 0x28, 0xce, 0x00, 0x00, 0x28, 0xce, 0x00, 0x00, 0x28, 0xce,
            0x00, 0x00, 0x28, 0xce, 0x00, 0x00, 0x28, 0xce, 0x00, 0x00, 0x28, 0xce, 0x00, 0x00,
            0x28, 0xce, 0x00, 0x00, 0x28, 0xce, 0x00, 0x00, 0x28, 0xce, 0x00, 0x00, 0x28, 0xce,
            0x00, 0x00, 0x28, 0xce, 0x00, 0x00, 0x28, 0xce, 0x00, 0x00, 0x28, 0xce, 0x00, 0x00,
            0x28, 0xce, 0x00, 0x00, 0x28, 0xce, 0x00, 0x00, 0x28, 0xce, 0x00, 0x00, 0x28, 0xce,
            0x00, 0x00, 0x28, 0xce, 0x00, 0x00, 0x28, 0xce, 0x00, 0x00, 0x28, 0xce, 0x00, 0x00,
            0x28, 0xce, 0x00, 0x00, 0x28, 0xce, 0x00, 0x00, 0x28, 0xce, 0x00, 0x00, 0x28, 0xce,
            0x00, 0x00, 0x28, 0xce, 0x00, 0x00, 0x28, 0xce, 0x00, 0x00, 0x28, 0xce, 0x00, 0x00,
            0x28, 0xce, 0x00, 0x00, 0x28, 0xce, 0x00, 0x00, 0x28, 0xce, 0x00, 0x00, 0x28, 0xce,
            0x00, 0x00, 0x28, 0xce, 0x00, 0x00, 0x28, 0xce, 0x00, 0x00, 0xc4, 0x05, 0x0a, 0x00,
            0x98, 0xb2, 0x09, 0x00, 0x6c, 0x9f, 0x09, 0x00, 0x88, 0x9f, 0x09, 0x00, 0xa4, 0x9f,
            0x09, 0x00, 0xcc, 0x9f, 0x09, 0x00, 0xd8, 0x9f, 0x09, 0x00, 0xe8, 0x9f, 0x09, 0x00,
            0xf4, 0x9f, 0x09, 0x00, 0x00, 0xa0, 0x09, 0x00, 0x08, 0xa0, 0x09, 0x00, 0x14, 0xa0,
            0x09, 0x00, 0x20, 0xa0, 0x09, 0x00, 0x24, 0xa0, 0x09, 0x00, 0x2c, 0xa0, 0x09, 0x00,
            0x38, 0xa0, 0x09, 0x00, 0x44, 0xa0, 0x09, 0x00, 0x54, 0xa0, 0x09, 0x00, 0x60, 0xa0,
            0x09, 0x00, 0x6c, 0xa0, 0x09, 0x00, 0x7c, 0xa0, 0x09, 0x00, 0x88, 0xa0, 0x09, 0x00,
            0x94, 0xa0, 0x09, 0x00, 0xa4, 0xa0, 0x09, 0x00, 0xb8, 0xa0, 0x09, 0x00, 0xc0, 0xa0,
            0x09, 0x00, 0xe4, 0xa0, 0x09, 0x00, 0xf8, 0xa0, 0x09, 0x00, 0x14, 0xa1, 0x09, 0x00,
            0x28, 0xa1, 0x09, 0x00, 0x44, 0xa1, 0x09, 0x00, 0x54, 0xa1, 0x09, 0x00, 0x64, 0xa1,
            0x09, 0x00, 0x74, 0xa1, 0x09, 0x00, 0x80, 0xa1, 0x09, 0x00, 0x90, 0xa1, 0x09, 0x00,
            0x98, 0xa1, 0x09, 0x00, 0xa4, 0xa1, 0x09, 0x00, 0xb0, 0xa1, 0x09, 0x00, 0xbc, 0xa1,
            0x09, 0x00, 0xc8, 0xa1, 0x09, 0x00, 0xd8, 0xa1, 0x09, 0x00, 0xec, 0xa1, 0x09, 0x00,
            0xf4, 0xa1, 0x09, 0x00, 0x00, 0xa2, 0x09, 0x00, 0x10, 0xa2, 0x09, 0x00, 0x18, 0xa2,
            0x09, 0x00, 0x20, 0xa2, 0x09, 0x00, 0x40, 0xc1, 0x09, 0x00, 0x64, 0xae, 0x09, 0x00,
            0x28, 0xa2, 0x09, 0x00, 0x38, 0xa2, 0x09, 0x00, 0x40, 0xa2, 0x09, 0x00, 0x54, 0xa2,
            0x09, 0x00, 0x74, 0xa2, 0x09, 0x00, 0xb4, 0xa2, 0x09, 0x00, 0xcc, 0xa2, 0x09, 0x00,
            0xf4, 0xa2, 0x09, 0x00, 0x1c, 0xa3, 0x09, 0x00, 0x50, 0xa3, 0x09, 0x00, 0x7c, 0xa3,
            0x09, 0x00, 0xa8, 0xa3, 0x09, 0x00, 0xd4, 0xa3, 0x09, 0x00, 0x00, 0xa4, 0x09, 0x00,
            0x2c, 0xa4, 0x09, 0x00, 0x58, 0xa4, 0x09, 0x00, 0x94, 0xa4, 0x09, 0x00, 0xa8, 0xa4,
            0x09, 0x00, 0xdc, 0xa4, 0x09, 0x00, 0xe4, 0xa4, 0x09, 0x00, 0x0c, 0xa5, 0x09, 0x00,
            0x14, 0xa5, 0x09, 0x00, 0x3c, 0xa5, 0x09, 0x00, 0x5c, 0xa5, 0x09, 0x00, 0x78, 0xa5,
            0x09, 0x00, 0xa8, 0xa5, 0x09, 0x00, 0xb8, 0xa5, 0x09, 0x00, 0xc0, 0xa5, 0x09, 0x00,
            0xdc, 0xa5, 0x09, 0x00, 0xe8, 0xa5, 0x09, 0x00, 0xec, 0xa5, 0x09, 0x00, 0xf0, 0xa5,
            0x09, 0x00, 0xf4, 0xa5, 0x09, 0x00, 0x14, 0xa6, 0x09, 0x00, 0x20, 0xa6, 0x09, 0x00,
            0x2c, 0xa6, 0x09, 0x00, 0x34, 0xa6, 0x09, 0x00, 0x38, 0xa6, 0x09, 0x00, 0x58, 0xa6,
            0x09, 0x00, 0x64, 0xa6, 0x09, 0x00, 0x80, 0xa6, 0x09, 0x00, 0xa4, 0xa6, 0x09, 0x00,
            0xc8, 0xa6, 0x09, 0x00, 0xd0, 0xa6, 0x09, 0x00, 0xf4, 0xa6, 0x09, 0x00, 0xfc, 0xa6,
            0x09, 0x00, 0x08, 0xa7, 0x09, 0x00, 0x34, 0xa7, 0x09, 0x00, 0x78, 0x7c, 0x0b, 0x00,
            0x90, 0x7c, 0x0b, 0x00, 0xa8, 0x7c, 0x0b, 0x00, 0x40, 0xa7, 0x09, 0x00, 0x88, 0xda,
            0x09, 0x00, 0x44, 0xa7, 0x09, 0x00, 0x5c, 0xa7, 0x09, 0x00, 0x50, 0xa7, 0x09, 0x00,
            0x64, 0xa7, 0x09, 0x00, 0x70, 0xf8, 0x0a, 0x00, 0x68, 0xa7, 0x09, 0x00, 0x4c, 0x01,
            0x0a, 0x00, 0x70, 0xa7, 0x09, 0x00, 0x7c, 0xa7, 0x09, 0x00, 0x84, 0xa7, 0x09, 0x00,
            0xc0, 0xa7, 0x09, 0x00, 0x00, 0xa8, 0x09, 0x00, 0x04, 0xa8, 0x09, 0x00, 0x0c, 0xa8,
            0x09, 0x00, 0x58, 0xa8, 0x09, 0x00, 0x70, 0xa8, 0x09, 0x00, 0xe8, 0x00, 0x0a, 0x00,
            0x78, 0xa8, 0x09, 0x00, 0x84, 0xa8, 0x09, 0x00, 0x8c, 0xa8, 0x09, 0x00, 0xdc, 0xa8,
            0x09, 0x00, 0xe4, 0xa8, 0x09, 0x00, 0x10, 0xa9, 0x09, 0x00, 0x24, 0xa9, 0x09, 0x00,
            0x28, 0xa9, 0x09, 0x00, 0x54, 0xa9, 0x09, 0x00, 0x60, 0xa9, 0x09, 0x00, 0x6c, 0xa9,
            0x09, 0x00, 0x9c, 0xa9, 0x09, 0x00, 0xc0, 0xa9, 0x09, 0x00, 0xc8, 0xa9, 0x09, 0x00,
            0x2c, 0xaa, 0x09, 0x00, 0x44, 0xb0, 0x09, 0x00, 0x5c, 0x06, 0x0a, 0x00, 0x40, 0xaa,
            0x09, 0x00, 0x44, 0xaa, 0x09, 0x00, 0x54, 0xdc, 0x09, 0x00, 0x48, 0xaa, 0x09, 0x00,
            0x4c, 0xaa, 0x09, 0x00, 0x50, 0xaa, 0x09, 0x00, 0x54, 0xaa, 0x09, 0x00, 0x64, 0xaa,
            0x09, 0x00, 0x6c, 0xaa, 0x09, 0x00, 0x7c, 0xaa, 0x09, 0x00, 0x88, 0xaa, 0x09, 0x00,
            0x8c, 0xaa, 0x09, 0x00, 0x98, 0xaa, 0x09, 0x00, 0xac, 0xaa, 0x09, 0x00, 0xb8, 0xaa,
            0x09, 0x00, 0xc0, 0xaa, 0x09, 0x00, 0xcc, 0xaa, 0x09, 0x00, 0xd8, 0xaa, 0x09, 0x00,
            0xe0, 0xaa, 0x09, 0x00, 0xfc, 0xaa, 0x09, 0x00, 0x0c, 0xab, 0x09, 0x00, 0x2c, 0xab,
            0x09, 0x00, 0x54, 0xab, 0x09, 0x00, 0x70, 0xab, 0x09, 0x00, 0xa0, 0xab, 0x09, 0x00,
            0xc4, 0xab, 0x09, 0x00, 0xf0, 0xab, 0x09, 0x00, 0x24, 0xac, 0x09, 0x00, 0x4c, 0xac,
            0x09, 0x00, 0x80, 0xac, 0x09, 0x00, 0xa0, 0xac, 0x09, 0x00, 0xa4, 0xac, 0x09, 0x00,
            0xac, 0xac, 0x09, 0x00, 0xcc, 0xac, 0x09, 0x00, 0xf8, 0xac, 0x09, 0x00, 0x24, 0xad,
            0x09, 0x00, 0xc0, 0x7c, 0x0b, 0x00, 0xa4, 0x0f, 0x0a, 0x00, 0x0c, 0x13, 0x0a, 0x00,
            0x50, 0xad, 0x09, 0x00, 0x78, 0xad, 0x09, 0x00, 0xa0, 0xad, 0x09, 0x00, 0xcc, 0xad,
            0x09, 0x00, 0x08, 0xae, 0x09, 0x00, 0x18, 0xae, 0x09, 0x00, 0x50, 0xae, 0x09, 0x00,
            0x74, 0xae, 0x09, 0x00, 0x68, 0xf7, 0x0a, 0x00, 0xa4, 0xae, 0x09, 0x00, 0x0c, 0x19,
            0x0a, 0x00, 0xa8, 0xae, 0x09, 0x00, 0xac, 0xae, 0x09, 0x00, 0xcc, 0xae, 0x09, 0x00,
            0xf0, 0xae, 0x09, 0x00, 0x10, 0xaf, 0x09, 0x00, 0x38, 0xaf, 0x09, 0x00, 0x40, 0xaf,
            0x09, 0x00, 0x7c, 0xaf, 0x09, 0x00, 0x84, 0xaf, 0x09, 0x00, 0x8c, 0xaf, 0x09, 0x00,
            0x90, 0xaf, 0x09, 0x00, 0xb0, 0xaf, 0x09, 0x00, 0xc4, 0xaf, 0x09, 0x00, 0xc8, 0xaf,
            0x09, 0x00, 0xd0, 0xaf, 0x09, 0x00, 0xdc, 0xaf, 0x09, 0x00, 0xf4, 0xaf, 0x09, 0x00,
            0x08, 0xb0, 0x09, 0x00, 0x0c, 0xb0, 0x09, 0x00, 0x1c, 0xb0, 0x09, 0x00, 0x2c, 0xb0,
            0x09, 0x00, 0x38, 0xb0, 0x09, 0x00, 0x48, 0xb0, 0x09, 0x00, 0x50, 0xb0, 0x09, 0x00,
            0x5c, 0xb0, 0x09, 0x00, 0x70, 0xb0, 0x09, 0x00, 0x7c, 0xb0, 0x09, 0x00, 0x88, 0xb0,
            0x09, 0x00, 0x94, 0xb0, 0x09, 0x00, 0x9c, 0xb0, 0x09, 0x00, 0xa4, 0xb0, 0x09, 0x00,
            0xac, 0xb0, 0x09, 0x00, 0xb4, 0xb0, 0x09, 0x00, 0xc0, 0xb0, 0x09, 0x00, 0xd0, 0xb0,
            0x09, 0x00, 0xe8, 0xb0, 0x09, 0x00, 0xf8, 0xb0, 0x09, 0x00, 0x04, 0xb1, 0x09, 0x00,
            0x14, 0xb1, 0x09, 0x00, 0x20, 0xb1, 0x09, 0x00, 0x04, 0xee, 0x09, 0x00, 0x2c, 0xb1,
            0x09, 0x00, 0x34, 0xb1, 0x09, 0x00, 0x44, 0xb1, 0x09, 0x00, 0x48, 0xb1, 0x09, 0x00,
            0x50, 0xb1, 0x09, 0x00, 0x58, 0xb1, 0x09, 0x00, 0x60, 0xb1, 0x09, 0x00, 0x6c, 0xb1,
            0x09, 0x00, 0x74, 0xb1, 0x09, 0x00, 0x80, 0xb1, 0x09, 0x00, 0x8c, 0xb1, 0x09, 0x00,
            0x90, 0xb1, 0x09, 0x00, 0xa0, 0xb1, 0x09, 0x00, 0xac, 0xb1, 0x09, 0x00, 0xb8, 0xb1,
            0x09, 0x00, 0xc0, 0xb1, 0x09, 0x00, 0xd4, 0xb1, 0x09, 0x00, 0xe8, 0xb1, 0x09, 0x00,
            0x4c, 0xf1, 0x09, 0x00, 0xf4, 0xb1, 0x09, 0x00, 0xfc, 0xb1, 0x09, 0x00, 0x10, 0xb2,
            0x09, 0x00, 0x20, 0xb2, 0x09, 0x00, 0x28, 0xb2, 0x09, 0x00, 0x30, 0xb2, 0x09, 0x00,
            0x38, 0xb2, 0x09, 0x00, 0x44, 0xb2, 0x09, 0x00, 0x50, 0xb2, 0x09, 0x00, 0x70, 0xb2,
            0x09, 0x00, 0x7c, 0xb2, 0x09, 0x00, 0x84, 0xb2, 0x09, 0x00, 0x8c, 0xb2, 0x09, 0x00,
            0x94, 0xb2, 0x09, 0x00, 0x9c, 0xb2, 0x09, 0x00, 0xa8, 0xb2, 0x09, 0x00, 0xb0, 0xb2,
            0x09, 0x00, 0xb8, 0xb2, 0x09, 0x00, 0xc0, 0xb2, 0x09, 0x00, 0xf0, 0xb2, 0x09, 0x00,
            0x24, 0xb3, 0x09, 0x00, 0x58, 0xb3, 0x09, 0x00, 0x8c, 0xb3, 0x09, 0x00, 0xc4, 0xb3,
            0x09, 0x00, 0x00, 0xb4, 0x09, 0x00, 0x44, 0xb4, 0x09, 0x00, 0x48, 0xb4, 0x09, 0x00,
            0x50, 0xb4, 0x09, 0x00, 0x5c, 0xb4, 0x09, 0x00, 0x84, 0xb4, 0x09, 0x00, 0xac, 0xb4,
            0x09, 0x00, 0xcc, 0xb4, 0x09, 0x00, 0xfc, 0xb4, 0x09, 0x00, 0x58, 0xb5, 0x09, 0x00,
            0x7c, 0xb5, 0x09, 0x00, 0x80, 0xb5, 0x09, 0x00, 0x9c, 0xb5, 0x09, 0x00, 0xa0, 0xb5,
            0x09, 0x00, 0xe8, 0xb5, 0x09, 0x00, 0xfc, 0xb5, 0x09, 0x00, 0x74, 0xb6, 0x09, 0x00,
            0x88, 0xb6, 0x09, 0x00, 0xa8, 0xb5, 0x09, 0x00, 0xb0, 0xb5, 0x09, 0x00, 0xb4, 0xb5,
            0x09, 0x00, 0xc4, 0xb5, 0x09, 0x00, 0xd4, 0xb5, 0x09, 0x00, 0xe0, 0xb5, 0x09, 0x00,
            0xf4, 0xb5, 0x09, 0x00, 0x08, 0xb6, 0x09, 0x00, 0x18, 0xb6, 0x09, 0x00, 0x28, 0xb6,
            0x09, 0x00, 0x40, 0xb6, 0x09, 0x00, 0x54, 0xb6, 0x09, 0x00, 0x68, 0xb6, 0x09, 0x00,
            0x7c, 0xb6, 0x09, 0x00, 0x90, 0xb6, 0x09, 0x00, 0xa0, 0xb6, 0x09, 0x00, 0xd8, 0xb6,
            0x09, 0x00, 0xf8, 0xb6, 0x09, 0x00, 0x24, 0xb7, 0x09, 0x00, 0xa4, 0xb7, 0x09, 0x00,
            0xc8, 0xb7, 0x09, 0x00, 0xd8, 0xb7, 0x09, 0x00, 0xe4, 0xb7, 0x09, 0x00, 0xf8, 0xb7,
            0x09, 0x00, 0x0c, 0xb8, 0x09, 0x00, 0x20, 0xb8, 0x09, 0x00, 0x30, 0xb8, 0x09, 0x00,
            0x40, 0xb8, 0x09, 0x00, 0x50, 0xb8, 0x09, 0x00, 0x60, 0xb8, 0x09, 0x00, 0x70, 0xb8,
            0x09, 0x00, 0x7c, 0xb8, 0x09, 0x00, 0x8c, 0xb8, 0x09, 0x00, 0x9c, 0xb8, 0x09, 0x00,
            0xb8, 0xb8, 0x09, 0x00, 0xc4, 0xb8, 0x09, 0x00, 0xd4, 0xb8, 0x09, 0x00, 0xe4, 0xb8,
            0x09, 0x00, 0xf8, 0xb8, 0x09, 0x00, 0x10, 0xb9, 0x09, 0x00, 0x24, 0xb9, 0x09, 0x00,
            0x34, 0xb9, 0x09, 0x00, 0x58, 0xb9, 0x09, 0x00, 0x78, 0xb9, 0x09, 0x00, 0x98, 0xb9,
            0x09, 0x00, 0xb8, 0xb9, 0x09, 0x00, 0xd8, 0xb9, 0x09, 0x00, 0xf8, 0xb9, 0x09, 0x00,
            0x1c, 0xba, 0x09, 0x00, 0x40, 0xba, 0x09, 0x00, 0x64, 0xba, 0x09, 0x00, 0x84, 0xba,
            0x09, 0x00, 0xa8, 0xba, 0x09, 0x00, 0xc8, 0xba, 0x09, 0x00, 0xc4, 0xa6, 0x09, 0x00,
            0xf0, 0xba, 0x09, 0x00, 0x0c, 0xbb, 0x09, 0x00, 0x28, 0xbb, 0x09, 0x00, 0x6c, 0x9f,
            0x09, 0x00, 0xf4, 0xa1, 0x09, 0x00, 0x5c, 0xbb, 0x09, 0x00, 0x74, 0xbb, 0x09, 0x00,
            0xa4, 0xbb, 0x09, 0x00, 0xcc, 0xbb, 0x09, 0x00, 0xf4, 0xbb, 0x09, 0x00, 0x2c, 0xbc,
            0x09, 0x00, 0x44, 0xbc, 0x09, 0x00, 0x60, 0xbc, 0x09, 0x00, 0x78, 0xbc, 0x09, 0x00,
            0xac, 0xbc, 0x09, 0x00, 0xc4, 0xbc, 0x09, 0x00, 0xf8, 0xbc, 0x09, 0x00, 0x10, 0xbd,
            0x09, 0x00, 0x4c, 0xbd, 0x09, 0x00, 0x74, 0xbd, 0x09, 0x00, 0xa8, 0xbd, 0x09, 0x00,
            0xc0, 0xbd, 0x09, 0x00, 0xec, 0xbd, 0x09, 0x00, 0x14, 0xbe, 0x09, 0x00, 0x30, 0xbe,
            0x09, 0x00, 0x4c, 0xbe, 0x09, 0x00, 0x68, 0xbe, 0x09, 0x00, 0x88, 0xbe, 0x09, 0x00,
            0xa8, 0xbe, 0x09, 0x00, 0xc8, 0xbe, 0x09, 0x00, 0xe8, 0xbe, 0x09, 0x00, 0x08, 0xbf,
            0x09, 0x00, 0x28, 0xbf, 0x09, 0x00, 0x44, 0xbf, 0x09, 0x00, 0x60, 0xbf, 0x09, 0x00,
            0x7c, 0xbf, 0x09, 0x00, 0x9c, 0xbf, 0x09, 0x00, 0xb8, 0xbf, 0x09, 0x00, 0xd8, 0xbf,
            0x09, 0x00, 0xfc, 0xbf, 0x09, 0x00, 0x44, 0xb0, 0x09, 0x00, 0x38, 0xc0, 0x09, 0x00,
            0x64, 0xc0, 0x09, 0x00, 0x80, 0xc0, 0x09, 0x00, 0xa0, 0xc0, 0x09, 0x00, 0xc4, 0xc0,
            0x09, 0x00, 0xdc, 0xc0, 0x09, 0x00, 0xf8, 0xc0, 0x09, 0x00, 0x44, 0xb4, 0x09, 0x00,
            0x14, 0xc1, 0x09, 0x00, 0x3c, 0xc1, 0x09, 0x00, 0x44, 0xc1, 0x09, 0x00, 0x4c, 0xc1,
            0x09, 0x00, 0x74, 0xc1, 0x09, 0x00, 0x8c, 0xc1, 0x09, 0x00, 0xa8, 0xc1, 0x09, 0x00,
            0xdc, 0xc1, 0x09, 0x00, 0x04, 0xc2, 0x09, 0x00, 0x24, 0xc2, 0x09, 0x00, 0x40, 0xc2,
            0x09, 0x00, 0x60, 0xc2, 0x09, 0x00, 0x74, 0xc2, 0x09, 0x00, 0x8c, 0xc2, 0x09, 0x00,
            0xac, 0xc2, 0x09, 0x00, 0xd0, 0xc2, 0x09, 0x00, 0xf4, 0xc2, 0x09, 0x00, 0x10, 0xc3,
            0x09, 0x00, 0x34, 0xc3, 0x09, 0x00, 0x54, 0xc3, 0x09, 0x00, 0x78, 0xc3, 0x09, 0x00,
            0x94, 0xc3, 0x09, 0x00, 0xbc, 0xc3, 0x09, 0x00, 0xdc, 0xc3, 0x09, 0x00, 0x00, 0xc4,
            0x09, 0x00, 0x28, 0xc4, 0x09, 0x00, 0x4c, 0xc4, 0x09, 0x00, 0xac, 0xc4, 0x09, 0x00,
            0xcc, 0xc4, 0x09, 0x00, 0xe8, 0xc4, 0x09, 0x00, 0x04, 0xc5, 0x09, 0x00, 0x1c, 0xc5,
            0x09, 0x00, 0x40, 0xc5, 0x09, 0x00, 0x5c, 0xc5, 0x09, 0x00, 0x7c, 0xc5, 0x09, 0x00,
            0xa0, 0xac, 0x09, 0x00, 0xb0, 0xc5, 0x09, 0x00, 0xf0, 0xc5, 0x09, 0x00, 0x1c, 0xc6,
            0x09, 0x00, 0x50, 0xc6, 0x09, 0x00, 0x88, 0xc6, 0x09, 0x00, 0xa4, 0xc6, 0x09, 0x00,
            0xd0, 0xc6, 0x09, 0x00, 0xf0, 0xc6, 0x09, 0x00, 0x10, 0xc7, 0x09, 0x00, 0x2c, 0xc7,
            0x09, 0x00, 0x54, 0xdc, 0x09, 0x00, 0x4c, 0xaa, 0x09, 0x00, 0x4c, 0xc7, 0x09, 0x00,
            0x68, 0xc7, 0x09, 0x00, 0x84, 0xc7, 0x09, 0x00, 0xa4, 0xc7, 0x09, 0x00, 0xe0, 0xc7,
            0x09, 0x00, 0x08, 0xc8, 0x09, 0x00, 0x44, 0xc8, 0x09, 0x00, 0x98, 0xc8, 0x09, 0x00,
            0xdc, 0xc8, 0x09, 0x00, 0x0c, 0xc9, 0x09, 0x00, 0x70, 0xa7, 0x09, 0x00, 0x30, 0xc9,
            0x09, 0x00, 0x54, 0xc9, 0x09, 0x00, 0x74, 0xc9, 0x09, 0x00, 0x98, 0xc9, 0x09, 0x00,
            0xc4, 0xc9, 0x09, 0x00, 0xe4, 0xc9, 0x09, 0x00, 0x04, 0xca, 0x09, 0x00, 0x20, 0xca,
            0x09, 0x00, 0x3c, 0xca, 0x09, 0x00, 0x58, 0xca, 0x09, 0x00, 0x74, 0xca, 0x09, 0x00,
            0xf4, 0xa6, 0x09, 0x00, 0x94, 0xca, 0x09, 0x00, 0xa8, 0xca, 0x09, 0x00, 0xb0, 0xca,
            0x09, 0x00, 0xd0, 0xca, 0x09, 0x00, 0xf8, 0xca, 0x09, 0x00, 0x1c, 0xcb, 0x09, 0x00,
            0x44, 0xb0, 0x09, 0x00, 0x40, 0xcb, 0x09, 0x00, 0x5c, 0xcb, 0x09, 0x00, 0x68, 0xcb,
            0x09, 0x00, 0x54, 0xdc, 0x09, 0x00, 0x4c, 0xaa, 0x09, 0x00, 0x64, 0xae, 0x09, 0x00,
            0x6c, 0xcb, 0x09, 0x00, 0x98, 0xcb, 0x09, 0x00, 0xc8, 0xcb, 0x09, 0x00, 0xf4, 0xcb,
            0x09, 0x00, 0x10, 0xcc, 0x09, 0x00, 0x28, 0xcc, 0x09, 0x00, 0x4c, 0xcc, 0x09, 0x00,
            0x6c, 0xcc, 0x09, 0x00, 0x88, 0xcc, 0x09, 0x00, 0xa8, 0xcc, 0x09, 0x00, 0xc0, 0xcc,
            0x09, 0x00, 0xd4, 0xcc, 0x09, 0x00, 0xec, 0xcc, 0x09, 0x00, 0x18, 0xcd, 0x09, 0x00,
            0x58, 0xcd, 0x09, 0x00, 0x84, 0xcd, 0x09, 0x00, 0xb4, 0xcd, 0x09, 0x00, 0xd8, 0xcd,
            0x09, 0x00, 0x00, 0xce, 0x09, 0x00, 0x18, 0xce, 0x09, 0x00, 0x3c, 0xce, 0x09, 0x00,
            0x64, 0xce, 0x09, 0x00, 0x8c, 0xce, 0x09, 0x00, 0xb0, 0xce, 0x09, 0x00, 0xd4, 0xce,
            0x09, 0x00, 0x0c, 0xcf, 0x09, 0x00, 0x30, 0xcf, 0x09, 0x00, 0x60, 0xcf, 0x09, 0x00,
            0x84, 0xcf, 0x09, 0x00, 0xa0, 0xcf, 0x09, 0x00, 0xc0, 0xcf, 0x09, 0x00, 0xdc, 0xcf,
            0x09, 0x00, 0xf8, 0xcf, 0x09, 0x00, 0x1c, 0xd0, 0x09, 0x00, 0x44, 0xd0, 0x09, 0x00,
            0x58, 0xd0, 0x09, 0x00, 0x70, 0xd0, 0x09, 0x00, 0x98, 0xd0, 0x09, 0x00, 0xb8, 0xd0,
            0x09, 0x00, 0xcc, 0xd0, 0x09, 0x00, 0xf0, 0xd0, 0x09, 0x00, 0x10, 0xd1, 0x09, 0x00,
            0x40, 0xd1, 0x09, 0x00, 0x74, 0xd1, 0x09, 0x00, 0xb8, 0xd1, 0x09, 0x00, 0xe4, 0xd1,
            0x09, 0x00, 0x10, 0xd2, 0x09, 0x00, 0x3c, 0xd2, 0x09, 0x00, 0x68, 0xd2, 0x09, 0x00,
            0x94, 0xd2, 0x09, 0x00, 0x98, 0xb2, 0x09, 0x00, 0x9c, 0xd2, 0x09, 0x00, 0x70, 0xf8,
            0x0a, 0x00, 0xa4, 0xd2, 0x09, 0x00, 0xac, 0xd2, 0x09, 0x00, 0xb8, 0xd2, 0x09, 0x00,
            0x2c, 0xaa, 0x09, 0x00, 0xc0, 0xd2, 0x09, 0x00, 0xc4, 0xd2, 0x09, 0x00, 0x64, 0xae,
            0x09, 0x00, 0xdc, 0xd2, 0x09, 0x00, 0xec, 0xd2, 0x09, 0x00, 0xf4, 0xd2, 0x09, 0x00,
            0xfc, 0xd2, 0x09, 0x00, 0x0c, 0xd3, 0x09, 0x00, 0x18, 0xd3, 0x09, 0x00, 0x24, 0xd3,
            0x09, 0x00, 0x98, 0xb2, 0x09, 0x00, 0x28, 0xd3, 0x09, 0x00, 0x2c, 0xd3, 0x09, 0x00,
            0x7c, 0xd3, 0x09, 0x00, 0xb8, 0xd3, 0x09, 0x00, 0xec, 0xd3, 0x09, 0x00, 0x3c, 0xd4,
            0x09, 0x00, 0x68, 0xd4, 0x09, 0x00, 0x88, 0xd4, 0x09, 0x00, 0x94, 0xd4, 0x09, 0x00,
            0xb8, 0xd4, 0x09, 0x00, 0xc0, 0xd4, 0x09, 0x00, 0x58, 0xa8, 0x09, 0x00, 0xe4, 0xd4,
            0x09, 0x00, 0xf4, 0xd4, 0x09, 0x00, 0x54, 0xaa, 0x09, 0x00, 0xfc, 0xd4, 0x09, 0x00,
            0x64, 0xaa, 0x09, 0x00, 0x40, 0xc1, 0x09, 0x00, 0x10, 0xd5, 0x09, 0x00, 0x3c, 0xd5,
            0x09, 0x00, 0xc4, 0xa6, 0x09, 0x00, 0x70, 0xf8, 0x0a, 0x00, 0x44, 0xd5, 0x09, 0x00,
            0x4c, 0xd5, 0x09, 0x00, 0xb0, 0x1c, 0x0a, 0x00, 0x50, 0xd5, 0x09, 0x00, 0x54, 0xd5,
            0x09, 0x00, 0x58, 0xd5, 0x09, 0x00, 0x5c, 0xd5, 0x09, 0x00, 0x60, 0xd5, 0x09, 0x00,
            0x64, 0xd5, 0x09, 0x00, 0x7c, 0xd5, 0x09, 0x00, 0xe4, 0xf6, 0x09, 0x00, 0x20, 0x1a,
            0x0a, 0x00, 0xf4, 0xa6, 0x09, 0x00, 0x88, 0xd5, 0x09, 0x00, 0xbc, 0xd5, 0x09, 0x00,
            0xe4, 0xd5, 0x09, 0x00, 0xec, 0xd5, 0x09, 0x00, 0x20, 0xd6, 0x09, 0x00, 0x34, 0xd6,
            0x09, 0x00, 0x44, 0xd6, 0x09, 0x00, 0x5c, 0xd6, 0x09, 0x00, 0x74, 0xd6, 0x09, 0x00,
            0x84, 0xd6, 0x09, 0x00, 0x88, 0xaa, 0x09, 0x00, 0x6c, 0x9f, 0x09, 0x00, 0xbc, 0xd6,
            0x09, 0x00, 0xc8, 0xd6, 0x09, 0x00, 0xd0, 0xd6, 0x09, 0x00, 0x64, 0xe9, 0x0a, 0x00,
            0x0c, 0xd7, 0x09, 0x00, 0x2c, 0xd7, 0x09, 0x00, 0x5c, 0xd7, 0x09, 0x00, 0x78, 0xd7,
            0x09, 0x00, 0xb0, 0xd7, 0x09, 0x00, 0xdc, 0xd7, 0x09, 0x00, 0x34, 0xd8, 0x09, 0x00,
            0x5c, 0xd8, 0x09, 0x00, 0x94, 0xd8, 0x09, 0x00, 0xc8, 0xd8, 0x09, 0x00, 0xf0, 0xd8,
            0x09, 0x00, 0x20, 0xd9, 0x09, 0x00, 0x24, 0xd9, 0x09, 0x00, 0x48, 0xd9, 0x09, 0x00,
            0x6c, 0xd9, 0x09, 0x00, 0x9c, 0xd9, 0x09, 0x00, 0xcc, 0xd9, 0x09, 0x00, 0xc4, 0x05,
            0x0a, 0x00, 0x68, 0xa7, 0x09, 0x00, 0x44, 0xb0, 0x09, 0x00, 0x58, 0xdb, 0x09, 0x00,
            0x20, 0x1a, 0x0a, 0x00, 0xf4, 0xa6, 0x09, 0x00, 0x5c, 0xdb, 0x09, 0x00, 0x60, 0xdb,
            0x09, 0x00, 0x64, 0xdb, 0x09, 0x00, 0x68, 0xdb, 0x09, 0x00, 0x70, 0xdb, 0x09, 0x00,
            0x8c, 0xdb, 0x09, 0x00, 0xc4, 0xdb, 0x09, 0x00, 0x90, 0x7d, 0x0b, 0x00, 0x00, 0xdc,
            0x09, 0x00, 0x0c, 0xdc, 0x09, 0x00, 0x14, 0xdc, 0x09, 0x00, 0x1c, 0xdc, 0x09, 0x00,
            0x28, 0xdc, 0x09, 0x00, 0x34, 0xdc, 0x09, 0x00, 0xa4, 0x0f, 0x0a, 0x00, 0x0c, 0x19,
            0x0a, 0x00, 0x44, 0xb4, 0x09, 0x00, 0xd0, 0xe0, 0x09, 0x00, 0x24, 0xa9, 0x09, 0x00,
            0xd8, 0xe0, 0x09, 0x00, 0xe8, 0xe0, 0x09, 0x00, 0x30, 0xe1, 0x09, 0x00, 0x40, 0xe1,
            0x09, 0x00, 0x84, 0xe1, 0x09, 0x00, 0x9c, 0xe1, 0x09, 0x00, 0xbc, 0xe1, 0x09, 0x00,
            0xe0, 0xe1, 0x09, 0x00, 0x10, 0xe2, 0x09, 0x00, 0x30, 0xe2, 0x09, 0x00, 0x58, 0xe2,
            0x09, 0x00, 0x78, 0xe2, 0x09, 0x00, 0x98, 0xe2, 0x09, 0x00, 0xb0, 0xe2, 0x09, 0x00,
            0x04, 0xe3, 0x09, 0x00, 0x60, 0xe3, 0x09, 0x00, 0xbc, 0xe3, 0x09, 0x00, 0x20, 0xe4,
            0x09, 0x00, 0x3c, 0xe4, 0x09, 0x00, 0x54, 0xe4, 0x09, 0x00, 0x88, 0xe4, 0x09, 0x00,
            0xc0, 0xe4, 0x09, 0x00, 0xe8, 0xe4, 0x09, 0x00, 0x00, 0xe5, 0x09, 0x00, 0x2c, 0xe5,
            0x09, 0x00, 0x8c, 0xe5, 0x09, 0x00, 0x08, 0xe6, 0x09, 0x00, 0x3c, 0xe6, 0x09, 0x00,
            0x70, 0xe6, 0x09, 0x00, 0xa8, 0xe6, 0x09, 0x00, 0x04, 0xe7, 0x09, 0x00, 0x1c, 0xe7,
            0x09, 0x00, 0x44, 0xe7, 0x09, 0x00, 0x84, 0xe7, 0x09, 0x00, 0xbc, 0xe7, 0x09, 0x00,
            0xe8, 0xe7, 0x09, 0x00, 0x14, 0xe8, 0x09, 0x00, 0x70, 0xe8, 0x09, 0x00, 0x98, 0xe8,
            0x09, 0x00, 0xe4, 0xe8, 0x09, 0x00, 0x04, 0xe9, 0x09, 0x00, 0x44, 0xe9, 0x09, 0x00,
            0x7c, 0xe9, 0x09, 0x00, 0xa8, 0xe9, 0x09, 0x00, 0xd4, 0xe9, 0x09, 0x00, 0xfc, 0xe9,
            0x09, 0x00, 0x24, 0xea, 0x09, 0x00, 0x4c, 0xea, 0x09, 0x00, 0x68, 0xea, 0x09, 0x00,
            0x80, 0xea, 0x09, 0x00, 0xc0, 0xea, 0x09, 0x00, 0x08, 0xeb, 0x09, 0x00, 0x38, 0xeb,
            0x09, 0x00, 0x58, 0xeb, 0x09, 0x00, 0x90, 0xeb, 0x09, 0x00, 0xa8, 0xeb, 0x09, 0x00,
            0xec, 0xeb, 0x09, 0x00, 0x08, 0xec, 0x09, 0x00, 0x34, 0xec, 0x09, 0x00, 0x64, 0xec,
            0x09, 0x00, 0x80, 0xec, 0x09, 0x00, 0x9c, 0xec, 0x09, 0x00, 0xd0, 0xec, 0x09, 0x00,
            0x08, 0xed, 0x09, 0x00, 0x24, 0xed, 0x09, 0x00, 0x4c, 0xed, 0x09, 0x00, 0x94, 0xed,
            0x09, 0x00, 0xac, 0xed, 0x09, 0x00, 0xc4, 0xed, 0x09, 0x00, 0x0c, 0xee, 0x09, 0x00,
            0x30, 0xee, 0x09, 0x00, 0x44, 0xee, 0x09, 0x00, 0x70, 0xee, 0x09, 0x00, 0xbc, 0xee,
            0x09, 0x00, 0x14, 0xef, 0x09, 0x00, 0x44, 0xef, 0x09, 0x00, 0x60, 0xef, 0x09, 0x00,
            0x98, 0xef, 0x09, 0x00, 0xc4, 0xef, 0x09, 0x00, 0xe4, 0xef, 0x09, 0x00, 0x10, 0xf0,
            0x09, 0x00, 0x2c, 0xf0, 0x09, 0x00, 0x48, 0xf0, 0x09, 0x00, 0x64, 0xf0, 0x09, 0x00,
            0xa0, 0xf0, 0x09, 0x00, 0xe0, 0xf0, 0x09, 0x00, 0x00, 0xf1, 0x09, 0x00, 0x20, 0xf1,
            0x09, 0x00, 0x3c, 0xf1, 0x09, 0x00, 0x54, 0xf1, 0x09, 0x00, 0x84, 0xf1, 0x09, 0x00,
            0xc8, 0xf1, 0x09, 0x00, 0xf0, 0xf1, 0x09, 0x00, 0x18, 0xf2, 0x09, 0x00, 0x40, 0xf2,
            0x09, 0x00, 0x5c, 0xf2, 0x09, 0x00, 0x78, 0xf2, 0x09, 0x00, 0x98, 0xf2, 0x09, 0x00,
            0xb8, 0xf2, 0x09, 0x00, 0xd8, 0xf2, 0x09, 0x00, 0x04, 0xf3, 0x09, 0x00, 0x38, 0xf3,
            0x09, 0x00, 0x54, 0xf3, 0x09, 0x00, 0x74, 0xf3, 0x09, 0x00, 0xb0, 0xf3, 0x09, 0x00,
            0x64, 0xa7, 0x09, 0x00, 0xcc, 0xf5, 0x09, 0x00, 0xdc, 0xf5, 0x09, 0x00, 0xf0, 0xf5,
            0x09, 0x00, 0xe4, 0xf6, 0x09, 0x00, 0xc4, 0x05, 0x0a, 0x00, 0xa4, 0x0f, 0x0a, 0x00,
            0x0c, 0x19, 0x0a, 0x00, 0xf4, 0xf5, 0x09, 0x00, 0x0c, 0xf6, 0x09, 0x00, 0x14, 0xf6,
            0x09, 0x00, 0x1c, 0xf6, 0x09, 0x00, 0x2c, 0xf6, 0x09, 0x00, 0x38, 0xf6, 0x09, 0x00,
            0xf4, 0xd2, 0x09, 0x00, 0xec, 0xd2, 0x09, 0x00, 0x44, 0xf6, 0x09, 0x00, 0xfc, 0xd2,
            0x09, 0x00, 0x4c, 0xf6, 0x09, 0x00, 0x5c, 0xf6, 0x09, 0x00, 0x6c, 0xf6, 0x09, 0x00,
            0x7c, 0xf6, 0x09, 0x00, 0x90, 0xf6, 0x09, 0x00, 0xa0, 0xf6, 0x09, 0x00, 0xac, 0xf6,
            0x09, 0x00, 0xc0, 0xf6, 0x09, 0x00, 0xd0, 0xf6, 0x09, 0x00, 0xe0, 0xf6, 0x09, 0x00,
            0xe8, 0xf6, 0x09, 0x00, 0xf0, 0xf6, 0x09, 0x00, 0xf4, 0xf6, 0x09, 0x00, 0x00, 0xf7,
            0x09, 0x00, 0x1c, 0xf7, 0x09, 0x00, 0x24, 0xf7, 0x09, 0x00, 0x2c, 0xf7, 0x09, 0x00,
            0x34, 0xf7, 0x09, 0x00, 0x3c, 0xf7, 0x09, 0x00, 0x44, 0xf7, 0x09, 0x00, 0x4c, 0xf7,
            0x09, 0x00, 0x50, 0xf7, 0x09, 0x00, 0x6c, 0xf7, 0x09, 0x00, 0x70, 0xf7, 0x09, 0x00,
            0x7c, 0xf7, 0x09, 0x00, 0xf4, 0xa6, 0x09, 0x00, 0x84, 0xf7, 0x09, 0x00, 0xa4, 0xf7,
            0x09, 0x00, 0x0c, 0x19, 0x0a, 0x00, 0x88, 0xda, 0x09, 0x00, 0xd0, 0xf7, 0x09, 0x00,
            0xc4, 0xa6, 0x09, 0x00, 0xdc, 0xf7, 0x09, 0x00, 0xe0, 0xf7, 0x09, 0x00, 0x00, 0xf8,
            0x09, 0x00, 0xf4, 0xa6, 0x09, 0x00, 0x24, 0xf8, 0x09, 0x00, 0x4c, 0xf8, 0x09, 0x00,
            0x20, 0xd9, 0x09, 0x00, 0x78, 0xf8, 0x09, 0x00, 0x88, 0xd4, 0x09, 0x00, 0x94, 0xd4,
            0x09, 0x00, 0xb8, 0xd4, 0x09, 0x00, 0xc0, 0xd4, 0x09, 0x00, 0xb0, 0xf8, 0x09, 0x00,
            0xf0, 0xa5, 0x09, 0x00, 0xe4, 0xf8, 0x09, 0x00, 0x18, 0xf9, 0x09, 0x00, 0x44, 0xf9,
            0x09, 0x00, 0x74, 0xf9, 0x09, 0x00, 0xac, 0xf9, 0x09, 0x00, 0xd8, 0xf9, 0x09, 0x00,
            0x08, 0xfa, 0x09, 0x00, 0x2c, 0xd7, 0x09, 0x00, 0x34, 0xfa, 0x09, 0x00, 0x64, 0xfa,
            0x09, 0x00, 0x64, 0x63, 0x09, 0x00, 0x24, 0x65, 0x09, 0x00, 0xe4, 0x65, 0x09, 0x00,
            0x94, 0xfa, 0x09, 0x00, 0x98, 0xfa, 0x09, 0x00, 0x9c, 0xfa, 0x09, 0x00, 0xa0, 0xfa,
            0x09, 0x00, 0xd0, 0xfa, 0x09, 0x00, 0x00, 0xfb, 0x09, 0x00, 0x4c, 0xf5, 0x09, 0x00,
            0x08, 0xfb, 0x09, 0x00, 0x10, 0xfb, 0x09, 0x00, 0x14, 0xfb, 0x09, 0x00, 0x3c, 0xdb,
            0x09, 0x00, 0x18, 0xfb, 0x09, 0x00, 0x1c, 0xfb, 0x09, 0x00, 0x20, 0xfb, 0x09, 0x00,
            0x28, 0xa0, 0x09, 0x00, 0x24, 0xfb, 0x09, 0x00, 0xa8, 0x7f, 0x0b, 0x00, 0xd0, 0x84,
            0x0b, 0x00, 0x20, 0xfd, 0x09, 0x00, 0x28, 0xfd, 0x09, 0x00, 0x30, 0xfd, 0x09, 0x00,
            0x24, 0xa9, 0x09, 0x00, 0xf4, 0xa6, 0x09, 0x00, 0x44, 0xb4, 0x09, 0x00, 0x24, 0xa9,
            0x09, 0x00, 0xc4, 0x05, 0x0a, 0x00, 0xb0, 0xf8, 0x09, 0x00, 0xe8, 0xa5, 0x09, 0x00,
            0xe4, 0xf8, 0x09, 0x00, 0x3c, 0xfd, 0x09, 0x00, 0x40, 0xfd, 0x09, 0x00, 0x48, 0xfd,
            0x09, 0x00, 0x50, 0xfd, 0x09, 0x00, 0x5c, 0xfd, 0x09, 0x00, 0x64, 0xfd, 0x09, 0x00,
            0x6c, 0xfd, 0x09, 0x00, 0x70, 0xfd, 0x09, 0x00, 0x80, 0xfd, 0x09, 0x00, 0x8c, 0xfd,
            0x09, 0x00, 0x94, 0xfd, 0x09, 0x00, 0x24, 0xa9, 0x09, 0x00, 0x9c, 0xfd, 0x09, 0x00,
            0xa0, 0xfd, 0x09, 0x00, 0xa4, 0xfd, 0x09, 0x00, 0xac, 0xfd, 0x09, 0x00, 0x5c, 0xdb,
            0x09, 0x00, 0x60, 0xdb, 0x09, 0x00, 0xd4, 0xcc, 0x09, 0x00, 0x4c, 0x01, 0x0a, 0x00,
            0xf4, 0xa6, 0x09, 0x00, 0xa0, 0x18, 0x0a, 0x00, 0xb8, 0xfd, 0x09, 0x00, 0xc8, 0xfd,
            0x09, 0x00, 0xcc, 0xfd, 0x09, 0x00, 0xd8, 0xfd, 0x09, 0x00, 0xdc, 0xfd, 0x09, 0x00,
            0xe8, 0xfd, 0x09, 0x00, 0x00, 0xb1, 0x09, 0x00, 0xec, 0xfd, 0x09, 0x00, 0x08, 0xfe,
            0x09, 0x00, 0xc4, 0xa6, 0x09, 0x00, 0x2c, 0xfe, 0x09, 0x00, 0x38, 0xfe, 0x09, 0x00,
            0x40, 0xfe, 0x09, 0x00, 0x44, 0xfe, 0x09, 0x00, 0x0c, 0x19, 0x0a, 0x00, 0x5c, 0xfe,
            0x09, 0x00, 0x94, 0xfe, 0x09, 0x00, 0xc0, 0xfe, 0x09, 0x00, 0xf4, 0xfe, 0x09, 0x00,
            0x24, 0xff, 0x09, 0x00, 0x50, 0xff, 0x09, 0x00, 0x84, 0xff, 0x09, 0x00, 0xb8, 0xff,
            0x09, 0x00, 0xec, 0xff, 0x09, 0x00, 0x20, 0x00, 0x0a, 0x00, 0x58, 0x00, 0x0a, 0x00,
            0x8c, 0x00, 0x0a, 0x00, 0xe0, 0x9a, 0x0b, 0x00, 0xfc, 0x00, 0x0a, 0x00, 0x0c, 0x01,
            0x0a, 0x00, 0xa4, 0xfd, 0x09, 0x00, 0x18, 0x01, 0x0a, 0x00, 0x28, 0x01, 0x0a, 0x00,
            0x38, 0x01, 0x0a, 0x00, 0x0c, 0x19, 0x0a, 0x00, 0xf4, 0xa6, 0x09, 0x00, 0x48, 0x01,
            0x0a, 0x00, 0x50, 0x01, 0x0a, 0x00, 0x64, 0xae, 0x09, 0x00, 0x90, 0x01, 0x0a, 0x00,
            0xd4, 0xcc, 0x09, 0x00, 0xa8, 0x01, 0x0a, 0x00, 0xc0, 0x01, 0x0a, 0x00, 0xd8, 0x01,
            0x0a, 0x00, 0xf4, 0x01, 0x0a, 0x00, 0x18, 0x02, 0x0a, 0x00, 0x50, 0x02, 0x0a, 0x00,
            0x6c, 0x02, 0x0a, 0x00, 0x88, 0x02, 0x0a, 0x00, 0xb0, 0x02, 0x0a, 0x00, 0xd4, 0x02,
            0x0a, 0x00, 0x64, 0xae, 0x09, 0x00, 0x10, 0x03, 0x0a, 0x00, 0x58, 0xa8, 0x09, 0x00,
            0x6c, 0xaa, 0x09, 0x00, 0x18, 0x03, 0x0a, 0x00, 0x7c, 0xaa, 0x09, 0x00, 0x8c, 0xaa,
            0x09, 0x00, 0x78, 0xa8, 0x09, 0x00, 0x20, 0xa0, 0x09, 0x00, 0x20, 0x03, 0x0a, 0x00,
            0x28, 0x03, 0x0a, 0x00, 0x30, 0x03, 0x0a, 0x00, 0x48, 0x03, 0x0a, 0x00, 0x68, 0x03,
            0x0a, 0x00, 0x94, 0x03, 0x0a, 0x00, 0xac, 0x03, 0x0a, 0x00, 0xd4, 0x03, 0x0a, 0x00,
            0x08, 0x04, 0x0a, 0x00, 0x40, 0xc1, 0x09, 0x00, 0x44, 0xb0, 0x09, 0x00, 0x54, 0xdc,
            0x09, 0x00, 0x4c, 0xaa, 0x09, 0x00, 0x34, 0x04, 0x0a, 0x00, 0x5c, 0x04, 0x0a, 0x00,
            0xf4, 0xa6, 0x09, 0x00, 0x84, 0x04, 0x0a, 0x00, 0xa4, 0x04, 0x0a, 0x00, 0xec, 0x04,
            0x0a, 0x00, 0x10, 0x05, 0x0a, 0x00, 0x2c, 0x05, 0x0a, 0x00, 0x70, 0x05, 0x0a, 0x00,
            0x9c, 0x05, 0x0a, 0x00, 0xc8, 0x05, 0x0a, 0x00, 0xf0, 0x05, 0x0a, 0x00, 0x14, 0x06,
            0x0a, 0x00, 0x08, 0xae, 0x09, 0x00, 0x34, 0x06, 0x0a, 0x00, 0x58, 0x06, 0x0a, 0x00,
            0x60, 0x06, 0x0a, 0x00, 0x68, 0x06, 0x0a, 0x00, 0x74, 0x06, 0x0a, 0x00, 0xd4, 0x1e,
            0x0a, 0x00, 0x78, 0x06, 0x0a, 0x00, 0x94, 0x06, 0x0a, 0x00, 0xa0, 0x06, 0x0a, 0x00,
            0xac, 0x06, 0x0a, 0x00, 0xd8, 0xf7, 0x09, 0x00, 0xc4, 0x05, 0x0a, 0x00, 0x44, 0x06,
            0x0a, 0x00, 0xd0, 0x06, 0x0a, 0x00, 0xfc, 0x06, 0x0a, 0x00, 0x1c, 0x07, 0x0a, 0x00,
            0x60, 0xdb, 0x09, 0x00, 0x20, 0x07, 0x0a, 0x00, 0x5c, 0xdb, 0x09, 0x00, 0x2c, 0x07,
            0x0a, 0x00, 0x48, 0x07, 0x0a, 0x00, 0x64, 0x07, 0x0a, 0x00, 0x80, 0x07, 0x0a, 0x00,
            0x34, 0xe9, 0x0a, 0x00, 0x98, 0x07, 0x0a, 0x00, 0xb0, 0x07, 0x0a, 0x00, 0xd0, 0x07,
            0x0a, 0x00, 0xf8, 0x07, 0x0a, 0x00, 0x24, 0x08, 0x0a, 0x00, 0x50, 0x08, 0x0a, 0x00,
            0x7c, 0x08, 0x0a, 0x00, 0x88, 0x08, 0x0a, 0x00, 0x5c, 0xf0, 0x09, 0x00, 0xc4, 0x08,
            0x0a, 0x00, 0x9c, 0x13, 0x0a, 0x00, 0xfc, 0x08, 0x0a, 0x00, 0x34, 0x09, 0x0a, 0x00,
            0x38, 0x09, 0x0a, 0x00, 0xac, 0xda, 0x09, 0x00, 0x70, 0x09, 0x0a, 0x00, 0xa8, 0x09,
            0x0a, 0x00, 0xb0, 0x09, 0x0a, 0x00, 0xec, 0x09, 0x0a, 0x00, 0xf4, 0x09, 0x0a, 0x00,
            0x2c, 0x0a, 0x0a, 0x00, 0x38, 0x0a, 0x0a, 0x00, 0x74, 0x0a, 0x0a, 0x00, 0x7c, 0x0a,
            0x0a, 0x00, 0xb4, 0x0a, 0x0a, 0x00, 0xb8, 0x0a, 0x0a, 0x00, 0xf0, 0x0a, 0x0a, 0x00,
            0xf8, 0x0a, 0x0a, 0x00, 0x2c, 0x0b, 0x0a, 0x00, 0x34, 0x0b, 0x0a, 0x00, 0x6c, 0x0b,
            0x0a, 0x00, 0x78, 0x0b, 0x0a, 0x00, 0xb4, 0x0b, 0x0a, 0x00, 0xbc, 0x0b, 0x0a, 0x00,
            0xf4, 0x0b, 0x0a, 0x00, 0xfc, 0x0b, 0x0a, 0x00, 0x38, 0xdb, 0x09, 0x00, 0x38, 0x0c,
            0x0a, 0x00, 0xe4, 0xda, 0x09, 0x00, 0x70, 0x0c, 0x0a, 0x00, 0xac, 0x0c, 0x0a, 0x00,
            0xb4, 0x0c, 0x0a, 0x00, 0xf0, 0x0c, 0x0a, 0x00, 0xf8, 0x0c, 0x0a, 0x00, 0x30, 0x0d,
            0x0a, 0x00, 0x3c, 0x0d, 0x0a, 0x00, 0x0c, 0xab, 0x09, 0x00, 0x64, 0xae, 0x09, 0x00,
            0xf4, 0xa6, 0x09, 0x00, 0xc8, 0xa6, 0x09, 0x00, 0xfc, 0xa6, 0x09, 0x00, 0x70, 0x0d,
            0x0a, 0x00, 0x94, 0x0d, 0x0a, 0x00, 0xc0, 0x0d, 0x0a, 0x00, 0x0c, 0x19, 0x0a, 0x00,
            0xe8, 0x0d, 0x0a, 0x00, 0x18, 0x0e, 0x0a, 0x00, 0xa4, 0x04, 0x0a, 0x00, 0x68, 0x0e,
            0x0a, 0x00, 0xb0, 0x0e, 0x0a, 0x00, 0xf0, 0x0e, 0x0a, 0x00, 0x24, 0x0f, 0x0a, 0x00,
            0x10, 0xae, 0x09, 0x00, 0xb0, 0xf8, 0x09, 0x00, 0xec, 0xa5, 0x09, 0x00, 0xe4, 0xf8,
            0x09, 0x00, 0x30, 0x0f, 0x0a, 0x00, 0x60, 0x0f, 0x0a, 0x00, 0x94, 0x0f, 0x0a, 0x00,
            0x9c, 0x0f, 0x0a, 0x00, 0xa8, 0x0f, 0x0a, 0x00, 0x20, 0xa6, 0x09, 0x00, 0x58, 0xa6,
            0x09, 0x00, 0xc4, 0x0f, 0x0a, 0x00, 0xc8, 0x0f, 0x0a, 0x00, 0xd0, 0x0f, 0x0a, 0x00,
            0xb8, 0xa5, 0x09, 0x00, 0x14, 0xa6, 0x09, 0x00, 0xe8, 0x0f, 0x0a, 0x00, 0xf4, 0x0f,
            0x0a, 0x00, 0x18, 0x10, 0x0a, 0x00, 0xa4, 0xc7, 0x09, 0x00, 0xe0, 0xc7, 0x09, 0x00,
            0x44, 0x10, 0x0a, 0x00, 0xdc, 0xc8, 0x09, 0x00, 0x90, 0x10, 0x0a, 0x00, 0xc0, 0x10,
            0x0a, 0x00, 0x44, 0xb4, 0x09, 0x00, 0x9c, 0xfd, 0x09, 0x00, 0xe8, 0x10, 0x0a, 0x00,
            0x2c, 0x11, 0x0a, 0x00, 0xd8, 0x11, 0x0a, 0x00, 0xe8, 0x11, 0x0a, 0x00, 0xf4, 0x11,
            0x0a, 0x00, 0xfc, 0x11, 0x0a, 0x00, 0x0c, 0x12, 0x0a, 0x00, 0x14, 0x12, 0x0a, 0x00,
            0x24, 0x12, 0x0a, 0x00, 0x2c, 0x12, 0x0a, 0x00, 0x30, 0x12, 0x0a, 0x00, 0x34, 0x12,
            0x0a, 0x00, 0x44, 0x12, 0x0a, 0x00, 0xa4, 0x0f, 0x0a, 0x00, 0x4c, 0x12, 0x0a, 0x00,
            0x5c, 0x12, 0x0a, 0x00, 0x64, 0x12, 0x0a, 0x00, 0x5c, 0xdb, 0x09, 0x00, 0x60, 0xdb,
            0x09, 0x00, 0xd8, 0x12, 0x0a, 0x00, 0xbc, 0x18, 0x0a, 0x00, 0xb0, 0x1c, 0x0a, 0x00,
            0x74, 0x12, 0x0a, 0x00, 0xac, 0x1c, 0x0a, 0x00, 0x7c, 0x12, 0x0a, 0x00, 0x80, 0x12,
            0x0a, 0x00, 0x8c, 0x12, 0x0a, 0x00, 0x94, 0x12, 0x0a, 0x00, 0xa0, 0x12, 0x0a, 0x00,
            0xa8, 0x12, 0x0a, 0x00, 0xb8, 0x12, 0x0a, 0x00, 0xc8, 0x12, 0x0a, 0x00, 0x50, 0x16,
            0x0a, 0x00, 0xd4, 0x12, 0x0a, 0x00, 0xe0, 0x12, 0x0a, 0x00, 0xe8, 0x12, 0x0a, 0x00,
            0xec, 0x12, 0x0a, 0x00, 0xf4, 0x12, 0x0a, 0x00, 0xfc, 0x12, 0x0a, 0x00, 0x04, 0x13,
            0x0a, 0x00, 0x08, 0x13, 0x0a, 0x00, 0x10, 0x13, 0x0a, 0x00, 0xa0, 0x18, 0x0a, 0x00,
            0xb4, 0x0b, 0x0a, 0x00, 0x18, 0x13, 0x0a, 0x00, 0x20, 0x13, 0x0a, 0x00, 0x28, 0x13,
            0x0a, 0x00, 0x30, 0x13, 0x0a, 0x00, 0x38, 0x13, 0x0a, 0x00, 0x40, 0x13, 0x0a, 0x00,
            0x44, 0x13, 0x0a, 0x00, 0x58, 0x13, 0x0a, 0x00, 0x9c, 0x13, 0x0a, 0x00, 0xac, 0xda,
            0x09, 0x00, 0x34, 0x09, 0x0a, 0x00, 0x7c, 0x08, 0x0a, 0x00, 0x60, 0x13, 0x0a, 0x00,
            0x64, 0x13, 0x0a, 0x00, 0x70, 0x13, 0x0a, 0x00, 0x74, 0x13, 0x0a, 0x00, 0x7c, 0x13,
            0x0a, 0x00, 0x84, 0x13, 0x0a, 0x00, 0x98, 0x13, 0x0a, 0x00, 0xa4, 0x13, 0x0a, 0x00,
            0xb8, 0x13, 0x0a, 0x00, 0xc0, 0x13, 0x0a, 0x00, 0xcc, 0x13, 0x0a, 0x00, 0x74, 0x0a,
            0x0a, 0x00, 0xd4, 0x13, 0x0a, 0x00, 0xdc, 0x13, 0x0a, 0x00, 0x60, 0x06, 0x0a, 0x00,
            0x0c, 0x19, 0x0a, 0x00, 0xb4, 0x0a, 0x0a, 0x00, 0x20, 0x1a, 0x0a, 0x00, 0x2c, 0x0b,
            0x0a, 0x00, 0xec, 0xb1, 0x09, 0x00, 0xb0, 0xb2, 0x09, 0x00, 0xe0, 0x13, 0x0a, 0x00,
            0xe8, 0x13, 0x0a, 0x00, 0xf4, 0x13, 0x0a, 0x00, 0xfc, 0x13, 0x0a, 0x00, 0x04, 0x14,
            0x0a, 0x00, 0x10, 0x14, 0x0a, 0x00, 0x18, 0x14, 0x0a, 0x00, 0x20, 0x14, 0x0a, 0x00,
            0x3c, 0x14, 0x0a, 0x00, 0x44, 0x14, 0x0a, 0x00, 0x4c, 0x14, 0x0a, 0x00, 0x54, 0x14,
            0x0a, 0x00, 0xa8, 0x09, 0x0a, 0x00, 0xec, 0x09, 0x0a, 0x00, 0x2c, 0x0a, 0x0a, 0x00,
            0xf0, 0x0a, 0x0a, 0x00, 0x60, 0x14, 0x0a, 0x00, 0x68, 0x14, 0x0a, 0x00, 0x70, 0x14,
            0x0a, 0x00, 0x7c, 0x14, 0x0a, 0x00, 0xd4, 0x14, 0x0a, 0x00, 0x10, 0x15, 0x0a, 0x00,
            0x54, 0x15, 0x0a, 0x00, 0x90, 0x15, 0x0a, 0x00, 0xd4, 0x15, 0x0a, 0x00, 0x00, 0xf7,
            0x09, 0x00, 0x5c, 0xf0, 0x09, 0x00, 0x04, 0x16, 0x0a, 0x00, 0xb8, 0xa5, 0x09, 0x00,
            0x14, 0xa6, 0x09, 0x00, 0x20, 0xa6, 0x09, 0x00, 0x58, 0xa6, 0x09, 0x00, 0x34, 0xa6,
            0x09, 0x00, 0xac, 0x0c, 0x0a, 0x00, 0x1c, 0x16, 0x0a, 0x00, 0x48, 0x16, 0x0a, 0x00,
            0x54, 0x16, 0x0a, 0x00, 0x5c, 0x16, 0x0a, 0x00, 0x6c, 0x0b, 0x0a, 0x00, 0x90, 0x16,
            0x0a, 0x00, 0x98, 0x16, 0x0a, 0x00, 0xa4, 0x16, 0x0a, 0x00, 0xac, 0x16, 0x0a, 0x00,
            0x00, 0x17, 0x0a, 0x00, 0x48, 0x17, 0x0a, 0x00, 0x7c, 0x17, 0x0a, 0x00, 0x9c, 0xb0,
            0x09, 0x00, 0xb4, 0x17, 0x0a, 0x00, 0xc0, 0x17, 0x0a, 0x00, 0xc4, 0x17, 0x0a, 0x00,
            0xcc, 0x17, 0x0a, 0x00, 0xe0, 0x17, 0x0a, 0x00, 0xe8, 0x17, 0x0a, 0x00, 0xec, 0x17,
            0x0a, 0x00, 0xf8, 0x17, 0x0a, 0x00, 0x04, 0x18, 0x0a, 0x00, 0x08, 0x18, 0x0a, 0x00,
            0x1c, 0x18, 0x0a, 0x00, 0x20, 0x18, 0x0a, 0x00, 0x2c, 0x18, 0x0a, 0x00, 0x34, 0x18,
            0x0a, 0x00, 0x74, 0x18, 0x0a, 0x00, 0x30, 0x0d, 0x0a, 0x00, 0x9c, 0x18, 0x0a, 0x00,
            0xac, 0x18, 0x0a, 0x00, 0xb8, 0x18, 0x0a, 0x00, 0xc0, 0x18, 0x0a, 0x00, 0xc8, 0x18,
            0x0a, 0x00, 0xd0, 0x18, 0x0a, 0x00, 0xb4, 0xda, 0x09, 0x00, 0xd8, 0x18, 0x0a, 0x00,
            0xe0, 0x18, 0x0a, 0x00, 0xe8, 0x18, 0x0a, 0x00, 0xf0, 0x18, 0x0a, 0x00, 0xf8, 0x18,
            0x0a, 0x00, 0x00, 0x19, 0x0a, 0x00, 0x10, 0x19, 0x0a, 0x00, 0x20, 0x19, 0x0a, 0x00,
            0x1c, 0xb1, 0x09, 0x00, 0x48, 0xc4, 0x09, 0x00, 0x34, 0x19, 0x0a, 0x00, 0x3c, 0x19,
            0x0a, 0x00, 0x48, 0x19, 0x0a, 0x00, 0x4c, 0x19, 0x0a, 0x00, 0x58, 0x19, 0x0a, 0x00,
            0xc0, 0xb5, 0x09, 0x00, 0x70, 0x19, 0x0a, 0x00, 0x74, 0x19, 0x0a, 0x00, 0xa8, 0x19,
            0x0a, 0x00, 0xe8, 0x19, 0x0a, 0x00, 0xf0, 0x19, 0x0a, 0x00, 0xf8, 0x19, 0x0a, 0x00,
            0x00, 0x1a, 0x0a, 0x00, 0x08, 0x1a, 0x0a, 0x00, 0xd4, 0xaa, 0x09, 0x00, 0x14, 0x1a,
            0x0a, 0x00, 0x1c, 0x1a, 0x0a, 0x00, 0x44, 0xb4, 0x09, 0x00, 0xc8, 0x0f, 0x0a, 0x00,
            0x24, 0x1a, 0x0a, 0x00, 0x30, 0x1a, 0x0a, 0x00, 0x3c, 0x1a, 0x0a, 0x00, 0x40, 0x1a,
            0x0a, 0x00, 0x50, 0x1a, 0x0a, 0x00, 0x5c, 0x1a, 0x0a, 0x00, 0x68, 0x1a, 0x0a, 0x00,
            0x74, 0x1a, 0x0a, 0x00, 0xe4, 0xda, 0x09, 0x00, 0x7c, 0x1a, 0x0a, 0x00, 0x8c, 0x1a,
            0x0a, 0x00, 0x94, 0x1a, 0x0a, 0x00, 0xc4, 0x1a, 0x0a, 0x00, 0xcc, 0x1a, 0x0a, 0x00,
            0xdc, 0x1a, 0x0a, 0x00, 0x30, 0xfe, 0x09, 0x00, 0xe8, 0x1a, 0x0a, 0x00, 0xf4, 0x1a,
            0x0a, 0x00, 0x00, 0x1b, 0x0a, 0x00, 0x10, 0x1b, 0x0a, 0x00, 0x1c, 0x1b, 0x0a, 0x00,
            0x28, 0x1b, 0x0a, 0x00, 0x34, 0x1b, 0x0a, 0x00, 0x3c, 0x1b, 0x0a, 0x00, 0x44, 0x1b,
            0x0a, 0x00, 0xe8, 0xb1, 0x09, 0x00, 0x50, 0x1b, 0x0a, 0x00, 0x58, 0x1b, 0x0a, 0x00,
            0x3c, 0xfd, 0x09, 0x00, 0x60, 0x1b, 0x0a, 0x00, 0x6c, 0x1b, 0x0a, 0x00, 0x70, 0x1b,
            0x0a, 0x00, 0x7c, 0x1b, 0x0a, 0x00, 0x80, 0x1b, 0x0a, 0x00, 0x8c, 0x1b, 0x0a, 0x00,
            0x90, 0x1b, 0x0a, 0x00, 0x9c, 0x1b, 0x0a, 0x00, 0xa0, 0x1b, 0x0a, 0x00, 0xac, 0x1b,
            0x0a, 0x00, 0xb0, 0x1b, 0x0a, 0x00, 0xbc, 0x1b, 0x0a, 0x00, 0xc8, 0x1b, 0x0a, 0x00,
            0xd4, 0x1b, 0x0a, 0x00, 0xe0, 0x1b, 0x0a, 0x00, 0xe8, 0x1b, 0x0a, 0x00, 0xf8, 0x1b,
            0x0a, 0x00, 0x04, 0x1c, 0x0a, 0x00, 0x0c, 0x1c, 0x0a, 0x00, 0x14, 0x1c, 0x0a, 0x00,
            0x1c, 0x1c, 0x0a, 0x00, 0x24, 0x1c, 0x0a, 0x00, 0x30, 0x1c, 0x0a, 0x00, 0x38, 0x1c,
            0x0a, 0x00, 0x38, 0xdb, 0x09, 0x00, 0x60, 0x1c, 0x0a, 0x00, 0xc4, 0x05, 0x0a, 0x00,
            0x74, 0x11, 0x0a, 0x00, 0xf4, 0x0b, 0x0a, 0x00, 0x88, 0x11, 0x0a, 0x00, 0x08, 0x1c,
            0x0a, 0x00, 0xf0, 0x0c, 0x0a, 0x00, 0xc0, 0x11, 0x0a, 0x00, 0x64, 0x1c, 0x0a, 0x00,
            0x7c, 0x1c, 0x0a, 0x00, 0x90, 0x1c, 0x0a, 0x00, 0xa0, 0x1c, 0x0a, 0x00, 0xb4, 0x1c,
            0x0a, 0x00, 0xc0, 0x1c, 0x0a, 0x00, 0xc8, 0x1c, 0x0a, 0x00, 0xd0, 0x1c, 0x0a, 0x00,
            0x64, 0xa7, 0x09, 0x00, 0xec, 0x1c, 0x0a, 0x00, 0x40, 0xdb, 0x09, 0x00, 0x18, 0x1d,
            0x0a, 0x00, 0x58, 0x06, 0x0a, 0x00, 0x60, 0x06, 0x0a, 0x00, 0xc4, 0x05, 0x0a, 0x00,
            0x98, 0xb2, 0x09, 0x00, 0x10, 0xe8, 0x0a, 0x00, 0x14, 0xe8, 0x0a, 0x00, 0x40, 0xe8,
            0x0a, 0x00, 0x70, 0xe8, 0x0a, 0x00, 0x9c, 0xe8, 0x0a, 0x00, 0x0c, 0x13, 0x0a, 0x00,
            0xa4, 0xe8, 0x0a, 0x00, 0xa8, 0xe8, 0x0a, 0x00, 0xb0, 0xe8, 0x0a, 0x00, 0xb4, 0xe8,
            0x0a, 0x00, 0xc0, 0xe8, 0x0a, 0x00, 0xc4, 0xe8, 0x0a, 0x00, 0x0c, 0xdc, 0x09, 0x00,
            0x14, 0xdc, 0x09, 0x00, 0x1c, 0x07, 0x0a, 0x00, 0xcc, 0xe8, 0x0a, 0x00, 0xd4, 0xe8,
            0x0a, 0x00, 0x88, 0xaa, 0x09, 0x00, 0x70, 0xa7, 0x09, 0x00, 0xd8, 0xe8, 0x0a, 0x00,
            0xdc, 0xe8, 0x0a, 0x00, 0xfc, 0xe8, 0x0a, 0x00, 0x38, 0xa2, 0x09, 0x00, 0x04, 0xe9,
            0x0a, 0x00, 0x54, 0xdc, 0x09, 0x00, 0x14, 0xe9, 0x0a, 0x00, 0x6c, 0x9f, 0x09, 0x00,
            0x18, 0xe9, 0x0a, 0x00, 0x44, 0xe9, 0x0a, 0x00, 0xbc, 0x1f, 0x0a, 0x00, 0xdc, 0x1f,
            0x0a, 0x00, 0x48, 0xe9, 0x0a, 0x00, 0x54, 0xe9, 0x0a, 0x00, 0x68, 0xe9, 0x0a, 0x00,
            0x98, 0xe9, 0x0a, 0x00, 0xbc, 0xe9, 0x0a, 0x00, 0x24, 0xd3, 0x09, 0x00, 0xe0, 0xe9,
            0x0a, 0x00, 0x54, 0xea, 0x0a, 0x00, 0x74, 0xea, 0x0a, 0x00, 0xac, 0xea, 0x0a, 0x00,
            0x90, 0xe8, 0x09, 0x00, 0x50, 0xa7, 0x09, 0x00, 0x34, 0xa6, 0x09, 0x00, 0x4c, 0x01,
            0x0a, 0x00, 0xb8, 0xea, 0x0a, 0x00, 0xbc, 0xea, 0x0a, 0x00, 0xc0, 0xea, 0x0a, 0x00,
            0x5c, 0x06, 0x0a, 0x00, 0x00, 0xa8, 0x09, 0x00, 0x40, 0xaa, 0x09, 0x00, 0xc4, 0xea,
            0x0a, 0x00, 0xc8, 0xea, 0x0a, 0x00, 0xcc, 0xea, 0x0a, 0x00, 0xd4, 0xea, 0x0a, 0x00,
            0xd8, 0xea, 0x0a, 0x00, 0xe0, 0xea, 0x0a, 0x00, 0x6c, 0x1b, 0x0a, 0x00, 0x3c, 0xfd,
            0x09, 0x00, 0x7c, 0x1b, 0x0a, 0x00, 0xe4, 0xea, 0x0a, 0x00, 0x8c, 0x1b, 0x0a, 0x00,
            0xe8, 0xea, 0x0a, 0x00, 0x9c, 0x1b, 0x0a, 0x00, 0xac, 0x1b, 0x0a, 0x00, 0xec, 0xea,
            0x0a, 0x00, 0x0c, 0x1b, 0x0a, 0x00, 0x20, 0xd3, 0x09, 0x00, 0x00, 0xe9, 0x0a, 0x00,
            0xa4, 0xfc, 0x09, 0x00, 0x58, 0xda, 0x09, 0x00, 0x68, 0xda, 0x09, 0x00, 0x44, 0xb0,
            0x09, 0x00, 0x00, 0xb1, 0x09, 0x00, 0xf0, 0xea, 0x0a, 0x00, 0xf4, 0xea, 0x0a, 0x00,
            0xf8, 0xea, 0x0a, 0x00, 0xfc, 0xea, 0x0a, 0x00, 0x00, 0xeb, 0x0a, 0x00, 0x04, 0xeb,
            0x0a, 0x00, 0x0c, 0x19, 0x0a, 0x00, 0x08, 0xae, 0x0b, 0x00, 0x20, 0xeb, 0x0a, 0x00,
            0x3c, 0xeb, 0x0a, 0x00, 0x5c, 0xeb, 0x0a, 0x00, 0x9c, 0xeb, 0x0a, 0x00, 0xdc, 0xeb,
            0x0a, 0x00, 0x1c, 0xec, 0x0a, 0x00, 0x34, 0xec, 0x0a, 0x00, 0x50, 0xec, 0x0a, 0x00,
            0x70, 0xec, 0x0a, 0x00, 0x94, 0xec, 0x0a, 0x00, 0xe8, 0x00, 0x0a, 0x00, 0x9c, 0xec,
            0x0a, 0x00, 0xac, 0xec, 0x0a, 0x00, 0xb8, 0xec, 0x0a, 0x00, 0xcc, 0xec, 0x0a, 0x00,
            0xd4, 0xec, 0x0a, 0x00, 0xd8, 0xec, 0x0a, 0x00, 0xdc, 0xec, 0x0a, 0x00, 0xe0, 0xec,
            0x0a, 0x00, 0x04, 0xed, 0x0a, 0x00, 0x88, 0xaa, 0x09, 0x00, 0x1c, 0xed, 0x0a, 0x00,
            0x0c, 0x19, 0x0a, 0x00, 0x24, 0xd9, 0x09, 0x00, 0x9c, 0xd9, 0x09, 0x00, 0x88, 0xaa,
            0x09, 0x00, 0x38, 0xed, 0x0a, 0x00, 0x54, 0xed, 0x0a, 0x00, 0x70, 0xed, 0x0a, 0x00,
            0x94, 0xed, 0x0a, 0x00, 0xc0, 0xed, 0x0a, 0x00, 0xe8, 0xed, 0x0a, 0x00, 0x04, 0xee,
            0x0a, 0x00, 0x28, 0xee, 0x0a, 0x00, 0x50, 0xee, 0x0a, 0x00, 0x7c, 0xee, 0x0a, 0x00,
            0xa8, 0xee, 0x0a, 0x00, 0xcc, 0xee, 0x0a, 0x00, 0xf0, 0xee, 0x0a, 0x00, 0x18, 0xef,
            0x0a, 0x00, 0x38, 0xef, 0x0a, 0x00, 0x5c, 0xef, 0x0a, 0x00, 0x8c, 0xef, 0x0a, 0x00,
            0xb0, 0xef, 0x0a, 0x00, 0xd8, 0xef, 0x0a, 0x00, 0x18, 0xf0, 0x0a, 0x00, 0x40, 0xf0,
            0x0a, 0x00, 0x80, 0xf0, 0x0a, 0x00, 0xbc, 0xf0, 0x0a, 0x00, 0x0c, 0xf1, 0x0a, 0x00,
            0x70, 0xf8, 0x0a, 0x00, 0x68, 0xf1, 0x0a, 0x00, 0x74, 0xf1, 0x0a, 0x00, 0x78, 0xf1,
            0x0a, 0x00, 0x88, 0xf1, 0x0a, 0x00, 0x20, 0x1a, 0x0a, 0x00, 0xb8, 0xf1, 0x0a, 0x00,
            0xe8, 0xf1, 0x0a, 0x00, 0x0c, 0xf2, 0x0a, 0x00, 0x28, 0xf2, 0x0a, 0x00, 0x4c, 0xf2,
            0x0a, 0x00, 0xa0, 0xf2, 0x0a, 0x00, 0xc4, 0xf2, 0x0a, 0x00, 0xcc, 0xf2, 0x0a, 0x00,
            0xd4, 0xf2, 0x0a, 0x00, 0xdc, 0xf2, 0x0a, 0x00, 0xe4, 0xf2, 0x0a, 0x00, 0xec, 0xf2,
            0x0a, 0x00, 0xf4, 0xf2, 0x0a, 0x00, 0xfc, 0xf2, 0x0a, 0x00, 0x04, 0xf3, 0x0a, 0x00,
            0x30, 0xf3, 0x0a, 0x00, 0x38, 0xf3, 0x0a, 0x00, 0x7c, 0xf3, 0x0a, 0x00, 0x84, 0xf3,
            0x0a, 0x00, 0xc8, 0xf3, 0x0a, 0x00, 0xd0, 0xf3, 0x0a, 0x00, 0x14, 0xf4, 0x0a, 0x00,
            0x48, 0xf4, 0x0a, 0x00, 0x70, 0x0b, 0x0a, 0x00, 0x50, 0xf4, 0x0a, 0x00, 0x94, 0xf4,
            0x0a, 0x00, 0xbc, 0xf4, 0x0a, 0x00, 0xe0, 0xf4, 0x0a, 0x00, 0x08, 0xf5, 0x0a, 0x00,
            0x2c, 0xf5, 0x0a, 0x00, 0x48, 0xf5, 0x0a, 0x00, 0x70, 0xf5, 0x0a, 0x00, 0x94, 0xf5,
            0x0a, 0x00, 0xb8, 0xf5, 0x0a, 0x00, 0xe8, 0xf5, 0x0a, 0x00, 0x10, 0xf6, 0x0a, 0x00,
            0x3c, 0xf6, 0x0a, 0x00, 0x64, 0xf6, 0x0a, 0x00, 0x90, 0xf6, 0x0a, 0x00, 0xa8, 0xf6,
            0x0a, 0x00, 0xcc, 0xf6, 0x0a, 0x00, 0x70, 0x19, 0x0a, 0x00, 0x8c, 0xf7, 0x0a, 0x00,
            0xb0, 0xf7, 0x0a, 0x00, 0xb8, 0xf7, 0x0a, 0x00, 0xc0, 0xf7, 0x0a, 0x00, 0x04, 0xf8,
            0x0a, 0x00, 0x84, 0xaf, 0x09, 0x00, 0x7c, 0xaf, 0x09, 0x00, 0x20, 0xf8, 0x0a, 0x00,
            0xe8, 0x00, 0x0a, 0x00, 0x44, 0xf8, 0x0a, 0x00, 0x1c, 0xa6, 0x09, 0x00, 0x50, 0xf8,
            0x0a, 0x00, 0x48, 0xf8, 0x0a, 0x00, 0x5c, 0xf8, 0x0a, 0x00, 0x60, 0xf8, 0x0a, 0x00,
            0x74, 0xf8, 0x0a, 0x00, 0xc4, 0x05, 0x0a, 0x00, 0xf0, 0xf6, 0x0a, 0x00, 0xb4, 0xda,
            0x09, 0x00, 0xf8, 0xf6, 0x0a, 0x00, 0xfc, 0xf6, 0x0a, 0x00, 0x04, 0xf7, 0x0a, 0x00,
            0x0c, 0xf7, 0x0a, 0x00, 0x14, 0xf7, 0x0a, 0x00, 0x54, 0xf8, 0x0a, 0x00, 0x1c, 0xf7,
            0x0a, 0x00, 0x24, 0xf7, 0x0a, 0x00, 0x30, 0xf7, 0x0a, 0x00, 0x38, 0xf7, 0x0a, 0x00,
            0x44, 0xf7, 0x0a, 0x00, 0x4c, 0xf7, 0x0a, 0x00, 0x58, 0xf7, 0x0a, 0x00, 0x64, 0xf7,
            0x0a, 0x00, 0x90, 0x16, 0x0a, 0x00, 0x6c, 0xf7, 0x0a, 0x00, 0x7c, 0xf8, 0x0a, 0x00,
            0xc4, 0xf8, 0x0a, 0x00, 0xf8, 0xf8, 0x0a, 0x00, 0x28, 0xf9, 0x0a, 0x00, 0x4c, 0xf9,
            0x0a, 0x00, 0x6c, 0xf9, 0x0a, 0x00, 0x8c, 0xf9, 0x0a, 0x00, 0xb0, 0xf9, 0x0a, 0x00,
            0xd4, 0xf9, 0x0a, 0x00, 0xf4, 0xf9, 0x0a, 0x00, 0x20, 0xfa, 0x0a, 0x00, 0x50, 0xfa,
            0x0a, 0x00, 0x7c, 0xfa, 0x0a, 0x00, 0xa8, 0xfa, 0x0a, 0x00, 0xd4, 0xfa, 0x0a, 0x00,
            0xf8, 0xfa, 0x0a, 0x00, 0x18, 0xfb, 0x0a, 0x00, 0x48, 0xfb, 0x0a, 0x00, 0x78, 0xfb,
            0x0a, 0x00, 0x24, 0xa9, 0x09, 0x00, 0xa4, 0xfb, 0x0a, 0x00, 0xcc, 0xfb, 0x0a, 0x00,
            0xf4, 0xfb, 0x0a, 0x00, 0x18, 0xfc, 0x0a, 0x00, 0x3c, 0xfc, 0x0a, 0x00, 0x60, 0xfc,
            0x0a, 0x00, 0xa0, 0xc3, 0x01, 0x00, 0x54, 0x7d, 0x09, 0x00, 0x4c, 0x23, 0x06, 0x00,
            0xbc, 0xc3, 0x01, 0x00, 0x38, 0x22, 0x06, 0x00, 0xf4, 0x79, 0x07, 0x00, 0x00, 0x00,
            0x00, 0x00, 0x00, 0x00, 0x00, 0x00, 0x58, 0x2e, 0x03, 0x00, 0x54, 0x6b, 0x09, 0x00,
            0xc8, 0xa7, 0x04, 0x00, 0x0c, 0x0b, 0x04, 0x00, 0x54, 0x7b, 0x09, 0x00, 0x3e, 0x92,
            0x09, 0x00, 0x28, 0x94, 0x03, 0x00, 0x54, 0x69, 0x09, 0x00, 0xdc, 0x20, 0x05, 0x00,
            0x80, 0xa3, 0x07, 0x00, 0xd4, 0xa1, 0x04, 0x00, 0xa0, 0xb9, 0x01, 0x00, 0x00, 0x00,
            0x00, 0x00, 0x56, 0x8d, 0x09, 0x00, 0x84, 0xa1, 0x01, 0x00, 0x1c, 0x24, 0x06, 0x00,
            0xa0, 0x09, 0x04, 0x00, 0x64, 0x17, 0x05, 0x00,
        ],
    ),
    (
        0xbcfec,
        &[
            0x00, 0x00, 0x00, 0x00, 0x00, 0x00, 0x00, 0x00, 0x00, 0x00, 0x00, 0x00, 0x00, 0x00,
            0x00, 0x00, 0x00, 0x00, 0x00, 0x00,
        ],
    ),
];
